id;x;y;tipo;clase;hp;pa;ca;destreza;velocidad;experiencia;deteccion
Cueva-001;872;743;Cueva;Dragón;1093000000000;1040003000;5400650000;500;850;1500000;25
Cueva-002;627;9;Cueva;Dragón;1093000000000;1040003000;5400650000;500;850;1500000;25
Cueva-003;247;26;Cueva;Behemot;10000000000;50000;5000000;200;500;1500000;25
Cueva-004;774;836;Cueva;Leviatán;10940000;1044000;54700000;300;950;15000000000000;25
Cueva-005;87;135;Cueva;Patotas;10900040000;1044000;540700000;400;400;15000000000000;25
Cueva-006;886;232;Cueva;Leviatán;10940000;1044000;54700000;300;950;15000000000000;25
Cueva-007;625;475;Cueva;Simurgh;1093000000;1043000;54650000;350;350;1500000;25
Cueva-008;868;193;Cueva;Behemot;10000000000;50000;5000000;200;500;1500000;25
Cueva-009;16;996;Cueva;Leviatán;10940000;1044000;54700000;300;950;15000000000000;25
Cueva-010;248;726;Cueva;Patotas;10900040000;1044000;540700000;400;400;15000000000000;25
Cueva-011;217;519;Cueva;Dragón;1093000000000;1040003000;5400650000;500;850;1500000;25
Cueva-012;433;799;Cueva;Behemot;10000000000;50000;5000000;200;500;1500000;25
Cueva-013;451;597;Cueva;Patotas;10900040000;1044000;540700000;400;400;15000000000000;25
Cueva-014;217;101;Cueva;Simurgh;1093000000;1043000;54650000;350;350;1500000;25
Cueva-015;225;352;Cueva;Behemot;10000000000;50000;5000000;200;500;1500000;25
Cueva-016;961;537;Cueva;Simurgh;1093000000;1043000;54650000;350;350;1500000;25
Cueva-017;653;811;Cueva;Simurgh;1093000000;1043000;54650000;350;350;1500000;25
Cueva-018;193;292;Cueva;Patotas;10900040000;1044000;540700000;400;400;15000000000000;25
Cueva-019;687;962;Cueva;Leviatán;10940000;1044000;54700000;300;950;15000000000000;25
Cueva-020;648;943;Cueva;Simurgh;1093000000;1043000;54650000;350;350;1500000;25
Cueva-021;151;802;Cueva;Dragón;1093000000000;1040003000;5400650000;500;850;1500000;25
Cueva-022;955;197;Cueva;Simurgh;1093000000;1043000;54650000;350;350;1500000;25
Cueva-023;23;900;Cueva;Dragón;1093000000000;1040003000;5400650000;500;850;1500000;25
Cueva-024;882;383;Cueva;Patotas;10900040000;1044000;540700000;400;400;15000000000000;25
Cueva-025;112;996;Cueva;Chupacabras;1093000000000;1040003000;5400650000;450;600;1500000;25
Cueva-026;612;141;Cueva;Simurgh;1093000000;1043000;54650000;350;350;1500000;25
Cueva-027;552;108;Cueva;Behemot;10000000000;50000;5000000;200;500;1500000;25
Cueva-028;237;609;Cueva;Behemot;10000000000;50000;5000000;200;500;1500000;25
Cueva-029;199;744;Cueva;Chupacabras;1093000000000;1040003000;5400650000;450;600;1500000;25
Cueva-030;705;58;Cueva;Leviatán;10940000;1044000;54700000;300;950;15000000000000;25
Cueva-031;889;544;Cueva;Simurgh;1093000000;1043000;54650000;350;350;1500000;25
Cueva-032;607;956;Cueva;Leviatán;10940000;1044000;54700000;300;950;15000000000000;25
Cueva-033;103;120;Cueva;Simurgh;1093000000;1043000;54650000;350;350;1500000;25
Cueva-034;945;277;Cueva;Chupacabras;1093000000000;1040003000;5400650000;450;600;1500000;25
Cueva-035;257;843;Cueva;Leviatán;10940000;1044000;54700000;300;950;15000000000000;25
Cueva-036;341;437;Cueva;Dragón;1093000000000;1040003000;5400650000;500;850;1500000;25
Cueva-037;831;957;Cueva;Patotas;10900040000;1044000;540700000;400;400;15000000000000;25
Cueva-038;432;933;Cueva;Simurgh;1093000000;1043000;54650000;350;350;1500000;25
Cueva-039;602;60;Cueva;Leviatán;10940000;1044000;54700000;300;950;15000000000000;25
Cueva-040;829;767;Cueva;Patotas;10900040000;1044000;540700000;400;400;15000000000000;25
Cueva-041;47;475;Cueva;Patotas;10900040000;1044000;540700000;400;400;15000000000000;25
Cueva-042;278;655;Cueva;Leviatán;10940000;1044000;54700000;300;950;15000000000000;25
Cueva-043;95;372;Cueva;Chupacabras;1093000000000;1040003000;5400650000;450;600;1500000;25
Cueva-044;529;237;Cueva;Behemot;10000000000;50000;5000000;200;500;1500000;25
Cueva-045;103;385;Cueva;Chupacabras;1093000000000;1040003000;5400650000;450;600;1500000;25
Cueva-046;973;888;Cueva;Dragón;1093000000000;1040003000;5400650000;500;850;1500000;25
Cueva-047;659;612;Cueva;Simurgh;1093000000;1043000;54650000;350;350;1500000;25
Cueva-048;925;57;Cueva;Patotas;10900040000;1044000;540700000;400;400;15000000000000;25
Cueva-049;381;985;Cueva;Leviatán;10940000;1044000;54700000;300;950;15000000000000;25
Cueva-050;221;377;Cueva;Simurgh;1093000000;1043000;54650000;350;350;1500000;25
Cueva-051;165;714;Cueva;Leviatán;10940000;1044000;54700000;300;950;15000000000000;25
Cueva-052;647;238;Cueva;Behemot;10000000000;50000;5000000;200;500;1500000;25
Cueva-053;442;861;Cueva;Dragón;1093000000000;1040003000;5400650000;500;850;1500000;25
Cueva-054;118;364;Cueva;Chupacabras;1093000000000;1040003000;5400650000;450;600;1500000;25
Cueva-055;726;104;Cueva;Behemot;10000000000;50000;5000000;200;500;1500000;25
Cueva-056;192;161;Cueva;Chupacabras;1093000000000;1040003000;5400650000;450;600;1500000;25
Cueva-057;501;13;Cueva;Dragón;1093000000000;1040003000;5400650000;500;850;1500000;25
Cueva-058;825;909;Cueva;Simurgh;1093000000;1043000;54650000;350;350;1500000;25
Cueva-059;68;790;Cueva;Simurgh;1093000000;1043000;54650000;350;350;1500000;25
Cueva-060;456;270;Cueva;Patotas;10900040000;1044000;540700000;400;400;15000000000000;25
Cueva-061;400;217;Cueva;Leviatán;10940000;1044000;54700000;300;950;15000000000000;25
Cueva-062;120;837;Cueva;Simurgh;1093000000;1043000;54650000;350;350;1500000;25
Cueva-063;9;332;Cueva;Behemot;10000000000;50000;5000000;200;500;1500000;25
Cueva-064;772;345;Cueva;Behemot;10000000000;50000;5000000;200;500;1500000;25
Cueva-065;746;454;Cueva;Simurgh;1093000000;1043000;54650000;350;350;1500000;25
Cueva-066;739;177;Cueva;Simurgh;1093000000;1043000;54650000;350;350;1500000;25
Cueva-067;582;611;Cueva;Patotas;10900040000;1044000;540700000;400;400;15000000000000;25
Cueva-068;574;747;Cueva;Behemot;10000000000;50000;5000000;200;500;1500000;25
Cueva-069;89;193;Cueva;Leviatán;10940000;1044000;54700000;300;950;15000000000000;25
Cueva-070;308;219;Cueva;Behemot;10000000000;50000;5000000;200;500;1500000;25
Cueva-071;339;853;Cueva;Chupacabras;1093000000000;1040003000;5400650000;450;600;1500000;25
Cueva-072;953;914;Cueva;Behemot;10000000000;50000;5000000;200;500;1500000;25
Cueva-073;711;78;Cueva;Patotas;10900040000;1044000;540700000;400;400;15000000000000;25
Cueva-074;55;856;Cueva;Leviatán;10940000;1044000;54700000;300;950;15000000000000;25
Cueva-075;203;462;Cueva;Dragón;1093000000000;1040003000;5400650000;500;850;1500000;25
Cueva-076;790;142;Cueva;Leviatán;10940000;1044000;54700000;300;950;15000000000000;25
Cueva-077;30;790;Cueva;Leviatán;10940000;1044000;54700000;300;950;15000000000000;25
Cueva-078;269;645;Cueva;Simurgh;1093000000;1043000;54650000;350;350;1500000;25
Cueva-079;754;732;Cueva;Patotas;10900040000;1044000;540700000;400;400;15000000000000;25
Cueva-080;778;662;Cueva;Leviatán;10940000;1044000;54700000;300;950;15000000000000;25
Cueva-081;485;306;Cueva;Patotas;10900040000;1044000;540700000;400;400;15000000000000;25
Cueva-082;768;249;Cueva;Dragón;1093000000000;1040003000;5400650000;500;850;1500000;25
Cueva-083;26;2;Cueva;Leviatán;10940000;1044000;54700000;300;950;15000000000000;25
Cueva-084;158;814;Cueva;Chupacabras;1093000000000;1040003000;5400650000;450;600;1500000;25
Cueva-085;40;413;Cueva;Simurgh;1093000000;1043000;54650000;350;350;1500000;25
Cueva-086;159;779;Cueva;Patotas;10900040000;1044000;540700000;400;400;15000000000000;25
Cueva-087;617;574;Cueva;Dragón;1093000000000;1040003000;5400650000;500;850;1500000;25
Cueva-088;664;933;Cueva;Simurgh;1093000000;1043000;54650000;350;350;1500000;25
Cueva-089;845;203;Cueva;Dragón;1093000000000;1040003000;5400650000;500;850;1500000;25
Cueva-090;553;818;Cueva;Behemot;10000000000;50000;5000000;200;500;1500000;25
Cueva-091;55;294;Cueva;Patotas;10900040000;1044000;540700000;400;400;15000000000000;25
Cueva-092;256;711;Cueva;Dragón;1093000000000;1040003000;5400650000;500;850;1500000;25
Cueva-093;760;748;Cueva;Chupacabras;1093000000000;1040003000;5400650000;450;600;1500000;25
Cueva-094;759;694;Cueva;Behemot;10000000000;50000;5000000;200;500;1500000;25
Cueva-095;764;898;Cueva;Dragón;1093000000000;1040003000;5400650000;500;850;1500000;25
Cueva-096;573;674;Cueva;Leviatán;10940000;1044000;54700000;300;950;15000000000000;25
Cueva-097;402;118;Cueva;Leviatán;10940000;1044000;54700000;300;950;15000000000000;25
Cueva-098;723;628;Cueva;Chupacabras;1093000000000;1040003000;5400650000;450;600;1500000;25
Cueva-099;113;528;Cueva;Patotas;10900040000;1044000;540700000;400;400;15000000000000;25
Cueva-100;470;420;Cueva;Leviatán;10940000;1044000;54700000;300;950;15000000000000;25
Cueva-101;582;332;Cueva;Chupacabras;1093000000000;1040003000;5400650000;450;600;1500000;25
Cueva-102;153;582;Cueva;Behemot;10000000000;50000;5000000;200;500;1500000;25
Cueva-103;116;691;Cueva;Dragón;1093000000000;1040003000;5400650000;500;850;1500000;25
Cueva-104;386;48;Cueva;Leviatán;10940000;1044000;54700000;300;950;15000000000000;25
Cueva-105;202;614;Cueva;Chupacabras;1093000000000;1040003000;5400650000;450;600;1500000;25
Cueva-106;269;375;Cueva;Patotas;10900040000;1044000;540700000;400;400;15000000000000;25
Cueva-107;829;227;Cueva;Chupacabras;1093000000000;1040003000;5400650000;450;600;1500000;25
Cueva-108;397;808;Cueva;Dragón;1093000000000;1040003000;5400650000;500;850;1500000;25
Cueva-109;105;947;Cueva;Simurgh;1093000000;1043000;54650000;350;350;1500000;25
Cueva-110;886;343;Cueva;Leviatán;10940000;1044000;54700000;300;950;15000000000000;25
Cueva-111;466;651;Cueva;Chupacabras;1093000000000;1040003000;5400650000;450;600;1500000;25
Cueva-112;497;1;Cueva;Dragón;1093000000000;1040003000;5400650000;500;850;1500000;25
Cueva-113;157;54;Cueva;Dragón;1093000000000;1040003000;5400650000;500;850;1500000;25
Cueva-114;771;542;Cueva;Leviatán;10940000;1044000;54700000;300;950;15000000000000;25
Cueva-115;880;943;Cueva;Behemot;10000000000;50000;5000000;200;500;1500000;25
Cueva-116;284;787;Cueva;Dragón;1093000000000;1040003000;5400650000;500;850;1500000;25
Cueva-117;258;887;Cueva;Chupacabras;1093000000000;1040003000;5400650000;450;600;1500000;25
Cueva-118;299;421;Cueva;Simurgh;1093000000;1043000;54650000;350;350;1500000;25
Cueva-119;115;600;Cueva;Chupacabras;1093000000000;1040003000;5400650000;450;600;1500000;25
Cueva-120;427;817;Cueva;Leviatán;10940000;1044000;54700000;300;950;15000000000000;25
Cueva-121;91;630;Cueva;Leviatán;10940000;1044000;54700000;300;950;15000000000000;25
Cueva-122;504;152;Cueva;Dragón;1093000000000;1040003000;5400650000;500;850;1500000;25
Cueva-123;287;56;Cueva;Simurgh;1093000000;1043000;54650000;350;350;1500000;25
Cueva-124;659;175;Cueva;Patotas;10900040000;1044000;540700000;400;400;15000000000000;25
Cueva-125;685;740;Cueva;Leviatán;10940000;1044000;54700000;300;950;15000000000000;25
Cueva-126;471;213;Cueva;Dragón;1093000000000;1040003000;5400650000;500;850;1500000;25
Cueva-127;940;45;Cueva;Patotas;10900040000;1044000;540700000;400;400;15000000000000;25
Cueva-128;447;521;Cueva;Chupacabras;1093000000000;1040003000;5400650000;450;600;1500000;25
Cueva-129;658;219;Cueva;Leviatán;10940000;1044000;54700000;300;950;15000000000000;25
Cueva-130;628;178;Cueva;Chupacabras;1093000000000;1040003000;5400650000;450;600;1500000;25
Cueva-131;447;530;Cueva;Dragón;1093000000000;1040003000;5400650000;500;850;1500000;25
Cueva-132;424;955;Cueva;Dragón;1093000000000;1040003000;5400650000;500;850;1500000;25
Cueva-133;930;925;Cueva;Chupacabras;1093000000000;1040003000;5400650000;450;600;1500000;25
Cueva-134;32;580;Cueva;Dragón;1093000000000;1040003000;5400650000;500;850;1500000;25
Cueva-135;888;16;Cueva;Behemot;10000000000;50000;5000000;200;500;1500000;25
Cueva-136;408;193;Cueva;Chupacabras;1093000000000;1040003000;5400650000;450;600;1500000;25
Cueva-137;138;845;Cueva;Chupacabras;1093000000000;1040003000;5400650000;450;600;1500000;25
Cueva-138;941;427;Cueva;Patotas;10900040000;1044000;540700000;400;400;15000000000000;25
Cueva-139;625;536;Cueva;Patotas;10900040000;1044000;540700000;400;400;15000000000000;25
Cueva-140;388;709;Cueva;Chupacabras;1093000000000;1040003000;5400650000;450;600;1500000;25
Cueva-141;618;924;Cueva;Simurgh;1093000000;1043000;54650000;350;350;1500000;25
Cueva-142;851;381;Cueva;Leviatán;10940000;1044000;54700000;300;950;15000000000000;25
Cueva-143;676;767;Cueva;Chupacabras;1093000000000;1040003000;5400650000;450;600;1500000;25
Cueva-144;777;670;Cueva;Dragón;1093000000000;1040003000;5400650000;500;850;1500000;25
Cueva-145;726;359;Cueva;Simurgh;1093000000;1043000;54650000;350;350;1500000;25
Cueva-146;865;810;Cueva;Patotas;10900040000;1044000;540700000;400;400;15000000000000;25
Cueva-147;530;829;Cueva;Leviatán;10940000;1044000;54700000;300;950;15000000000000;25
Cueva-148;631;225;Cueva;Dragón;1093000000000;1040003000;5400650000;500;850;1500000;25
Cueva-149;997;700;Cueva;Patotas;10900040000;1044000;540700000;400;400;15000000000000;25
Cueva-150;297;874;Cueva;Patotas;10900040000;1044000;540700000;400;400;15000000000000;25
Cueva-151;588;919;Cueva;Chupacabras;1093000000000;1040003000;5400650000;450;600;1500000;25
Cueva-152;792;807;Cueva;Leviatán;10940000;1044000;54700000;300;950;15000000000000;25
Cueva-153;64;495;Cueva;Leviatán;10940000;1044000;54700000;300;950;15000000000000;25
Cueva-154;363;828;Cueva;Dragón;1093000000000;1040003000;5400650000;500;850;1500000;25
Cueva-155;628;973;Cueva;Patotas;10900040000;1044000;540700000;400;400;15000000000000;25
Cueva-156;250;631;Cueva;Behemot;10000000000;50000;5000000;200;500;1500000;25
Cueva-157;726;889;Cueva;Dragón;1093000000000;1040003000;5400650000;500;850;1500000;25
Cueva-158;931;364;Cueva;Behemot;10000000000;50000;5000000;200;500;1500000;25
Cueva-159;973;846;Cueva;Simurgh;1093000000;1043000;54650000;350;350;1500000;25
Cueva-160;937;258;Cueva;Simurgh;1093000000;1043000;54650000;350;350;1500000;25
Cueva-161;591;426;Cueva;Dragón;1093000000000;1040003000;5400650000;500;850;1500000;25
Cueva-162;837;567;Cueva;Behemot;10000000000;50000;5000000;200;500;1500000;25
Cueva-163;55;940;Cueva;Chupacabras;1093000000000;1040003000;5400650000;450;600;1500000;25
Cueva-164;799;46;Cueva;Chupacabras;1093000000000;1040003000;5400650000;450;600;1500000;25
Cueva-165;380;81;Cueva;Behemot;10000000000;50000;5000000;200;500;1500000;25
Cueva-166;166;646;Cueva;Simurgh;1093000000;1043000;54650000;350;350;1500000;25
Cueva-167;532;227;Cueva;Behemot;10000000000;50000;5000000;200;500;1500000;25
Cueva-168;588;793;Cueva;Patotas;10900040000;1044000;540700000;400;400;15000000000000;25
Cueva-169;237;41;Cueva;Patotas;10900040000;1044000;540700000;400;400;15000000000000;25
Cueva-170;5;939;Cueva;Simurgh;1093000000;1043000;54650000;350;350;1500000;25
Cueva-171;391;773;Cueva;Behemot;10000000000;50000;5000000;200;500;1500000;25
Cueva-172;357;631;Cueva;Chupacabras;1093000000000;1040003000;5400650000;450;600;1500000;25
Cueva-173;889;223;Cueva;Dragón;1093000000000;1040003000;5400650000;500;850;1500000;25
Cueva-174;164;56;Cueva;Leviatán;10940000;1044000;54700000;300;950;15000000000000;25
Cueva-175;894;823;Cueva;Chupacabras;1093000000000;1040003000;5400650000;450;600;1500000;25
Cueva-176;623;103;Cueva;Patotas;10900040000;1044000;540700000;400;400;15000000000000;25
Cueva-177;742;469;Cueva;Simurgh;1093000000;1043000;54650000;350;350;1500000;25
Cueva-178;7;774;Cueva;Dragón;1093000000000;1040003000;5400650000;500;850;1500000;25
Cueva-179;560;816;Cueva;Dragón;1093000000000;1040003000;5400650000;500;850;1500000;25
Cueva-180;375;941;Cueva;Chupacabras;1093000000000;1040003000;5400650000;450;600;1500000;25
Cueva-181;688;745;Cueva;Dragón;1093000000000;1040003000;5400650000;500;850;1500000;25
Cueva-182;878;976;Cueva;Behemot;10000000000;50000;5000000;200;500;1500000;25
Cueva-183;244;430;Cueva;Simurgh;1093000000;1043000;54650000;350;350;1500000;25
Cueva-184;262;753;Cueva;Chupacabras;1093000000000;1040003000;5400650000;450;600;1500000;25
Cueva-185;979;799;Cueva;Dragón;1093000000000;1040003000;5400650000;500;850;1500000;25
Cueva-186;197;507;Cueva;Chupacabras;1093000000000;1040003000;5400650000;450;600;1500000;25
Cueva-187;207;301;Cueva;Chupacabras;1093000000000;1040003000;5400650000;450;600;1500000;25
Cueva-188;356;909;Cueva;Chupacabras;1093000000000;1040003000;5400650000;450;600;1500000;25
Cueva-189;734;303;Cueva;Patotas;10900040000;1044000;540700000;400;400;15000000000000;25
Cueva-190;194;856;Cueva;Leviatán;10940000;1044000;54700000;300;950;15000000000000;25
Cueva-191;465;843;Cueva;Behemot;10000000000;50000;5000000;200;500;1500000;25
Cueva-192;845;399;Cueva;Chupacabras;1093000000000;1040003000;5400650000;450;600;1500000;25
Cueva-193;161;23;Cueva;Patotas;10900040000;1044000;540700000;400;400;15000000000000;25
Cueva-194;277;216;Cueva;Behemot;10000000000;50000;5000000;200;500;1500000;25
Cueva-195;815;785;Cueva;Behemot;10000000000;50000;5000000;200;500;1500000;25
Cueva-196;622;745;Cueva;Dragón;1093000000000;1040003000;5400650000;500;850;1500000;25
Cueva-197;935;73;Cueva;Chupacabras;1093000000000;1040003000;5400650000;450;600;1500000;25
Cueva-198;265;489;Cueva;Chupacabras;1093000000000;1040003000;5400650000;450;600;1500000;25
Cueva-199;447;8;Cueva;Dragón;1093000000000;1040003000;5400650000;500;850;1500000;25
Cueva-200;650;80;Cueva;Chupacabras;1093000000000;1040003000;5400650000;450;600;1500000;25
Cueva-201;826;413;Cueva;Leviatán;10940000;1044000;54700000;300;950;15000000000000;25
Cueva-202;884;18;Cueva;Patotas;10900040000;1044000;540700000;400;400;15000000000000;25
Cueva-203;618;146;Cueva;Simurgh;1093000000;1043000;54650000;350;350;1500000;25
Cueva-204;852;322;Cueva;Chupacabras;1093000000000;1040003000;5400650000;450;600;1500000;25
Cueva-205;322;242;Cueva;Chupacabras;1093000000000;1040003000;5400650000;450;600;1500000;25
Cueva-206;550;674;Cueva;Simurgh;1093000000;1043000;54650000;350;350;1500000;25
Cueva-207;869;649;Cueva;Simurgh;1093000000;1043000;54650000;350;350;1500000;25
Cueva-208;202;69;Cueva;Chupacabras;1093000000000;1040003000;5400650000;450;600;1500000;25
Cueva-209;936;559;Cueva;Leviatán;10940000;1044000;54700000;300;950;15000000000000;25
Cueva-210;539;594;Cueva;Dragón;1093000000000;1040003000;5400650000;500;850;1500000;25
Cueva-211;52;637;Cueva;Behemot;10000000000;50000;5000000;200;500;1500000;25
Cueva-212;898;941;Cueva;Dragón;1093000000000;1040003000;5400650000;500;850;1500000;25
Cueva-213;18;504;Cueva;Leviatán;10940000;1044000;54700000;300;950;15000000000000;25
Cueva-214;301;722;Cueva;Leviatán;10940000;1044000;54700000;300;950;15000000000000;25
Cueva-215;761;688;Cueva;Patotas;10900040000;1044000;540700000;400;400;15000000000000;25
Cueva-216;427;672;Cueva;Dragón;1093000000000;1040003000;5400650000;500;850;1500000;25
Cueva-217;158;8;Cueva;Behemot;10000000000;50000;5000000;200;500;1500000;25
Cueva-218;21;915;Cueva;Behemot;10000000000;50000;5000000;200;500;1500000;25
Cueva-219;81;938;Cueva;Patotas;10900040000;1044000;540700000;400;400;15000000000000;25
Cueva-220;944;926;Cueva;Behemot;10000000000;50000;5000000;200;500;1500000;25
Cueva-221;994;756;Cueva;Leviatán;10940000;1044000;54700000;300;950;15000000000000;25
Cueva-222;239;481;Cueva;Chupacabras;1093000000000;1040003000;5400650000;450;600;1500000;25
Cueva-223;410;619;Cueva;Leviatán;10940000;1044000;54700000;300;950;15000000000000;25
Cueva-224;934;625;Cueva;Behemot;10000000000;50000;5000000;200;500;1500000;25
Cueva-225;295;480;Cueva;Chupacabras;1093000000000;1040003000;5400650000;450;600;1500000;25
Cueva-226;655;307;Cueva;Simurgh;1093000000;1043000;54650000;350;350;1500000;25
Cueva-227;336;679;Cueva;Dragón;1093000000000;1040003000;5400650000;500;850;1500000;25
Cueva-228;71;772;Cueva;Leviatán;10940000;1044000;54700000;300;950;15000000000000;25
Cueva-229;186;484;Cueva;Simurgh;1093000000;1043000;54650000;350;350;1500000;25
Cueva-230;288;877;Cueva;Chupacabras;1093000000000;1040003000;5400650000;450;600;1500000;25
Cueva-231;964;751;Cueva;Dragón;1093000000000;1040003000;5400650000;500;850;1500000;25
Cueva-232;160;44;Cueva;Leviatán;10940000;1044000;54700000;300;950;15000000000000;25
Cueva-233;932;453;Cueva;Patotas;10900040000;1044000;540700000;400;400;15000000000000;25
Cueva-234;858;86;Cueva;Dragón;1093000000000;1040003000;5400650000;500;850;1500000;25
Cueva-235;391;471;Cueva;Chupacabras;1093000000000;1040003000;5400650000;450;600;1500000;25
Cueva-236;494;78;Cueva;Behemot;10000000000;50000;5000000;200;500;1500000;25
Cueva-237;127;541;Cueva;Patotas;10900040000;1044000;540700000;400;400;15000000000000;25
Cueva-238;4;71;Cueva;Patotas;10900040000;1044000;540700000;400;400;15000000000000;25
Cueva-239;447;897;Cueva;Leviatán;10940000;1044000;54700000;300;950;15000000000000;25
Cueva-240;480;656;Cueva;Behemot;10000000000;50000;5000000;200;500;1500000;25
Cueva-241;876;894;Cueva;Behemot;10000000000;50000;5000000;200;500;1500000;25
Cueva-242;775;97;Cueva;Leviatán;10940000;1044000;54700000;300;950;15000000000000;25
Cueva-243;815;798;Cueva;Simurgh;1093000000;1043000;54650000;350;350;1500000;25
Cueva-244;575;170;Cueva;Patotas;10900040000;1044000;540700000;400;400;15000000000000;25
Cueva-245;422;77;Cueva;Behemot;10000000000;50000;5000000;200;500;1500000;25
Cueva-246;767;758;Cueva;Dragón;1093000000000;1040003000;5400650000;500;850;1500000;25
Cueva-247;408;142;Cueva;Behemot;10000000000;50000;5000000;200;500;1500000;25
Cueva-248;750;687;Cueva;Behemot;10000000000;50000;5000000;200;500;1500000;25
Cueva-249;713;360;Cueva;Chupacabras;1093000000000;1040003000;5400650000;450;600;1500000;25
Cueva-250;864;291;Cueva;Patotas;10900040000;1044000;540700000;400;400;15000000000000;25
Cueva-251;446;681;Cueva;Behemot;10000000000;50000;5000000;200;500;1500000;25
Cueva-252;422;333;Cueva;Patotas;10900040000;1044000;540700000;400;400;15000000000000;25
Cueva-253;91;224;Cueva;Simurgh;1093000000;1043000;54650000;350;350;1500000;25
Cueva-254;526;808;Cueva;Behemot;10000000000;50000;5000000;200;500;1500000;25
Cueva-255;76;324;Cueva;Behemot;10000000000;50000;5000000;200;500;1500000;25
Cueva-256;168;825;Cueva;Dragón;1093000000000;1040003000;5400650000;500;850;1500000;25
Cueva-257;4;165;Cueva;Leviatán;10940000;1044000;54700000;300;950;15000000000000;25
Cueva-258;621;789;Cueva;Behemot;10000000000;50000;5000000;200;500;1500000;25
Cueva-259;619;343;Cueva;Simurgh;1093000000;1043000;54650000;350;350;1500000;25
Cueva-260;193;500;Cueva;Behemot;10000000000;50000;5000000;200;500;1500000;25
Cueva-261;525;681;Cueva;Behemot;10000000000;50000;5000000;200;500;1500000;25
Cueva-262;486;999;Cueva;Simurgh;1093000000;1043000;54650000;350;350;1500000;25
Cueva-263;98;348;Cueva;Patotas;10900040000;1044000;540700000;400;400;15000000000000;25
Cueva-264;487;825;Cueva;Chupacabras;1093000000000;1040003000;5400650000;450;600;1500000;25
Cueva-265;85;0;Cueva;Simurgh;1093000000;1043000;54650000;350;350;1500000;25
Cueva-266;811;778;Cueva;Behemot;10000000000;50000;5000000;200;500;1500000;25
Cueva-267;635;171;Cueva;Dragón;1093000000000;1040003000;5400650000;500;850;1500000;25
Cueva-268;673;426;Cueva;Leviatán;10940000;1044000;54700000;300;950;15000000000000;25
Cueva-269;675;872;Cueva;Patotas;10900040000;1044000;540700000;400;400;15000000000000;25
Cueva-270;907;364;Cueva;Leviatán;10940000;1044000;54700000;300;950;15000000000000;25
Cueva-271;955;926;Cueva;Patotas;10900040000;1044000;540700000;400;400;15000000000000;25
Cueva-272;661;717;Cueva;Dragón;1093000000000;1040003000;5400650000;500;850;1500000;25
Cueva-273;388;568;Cueva;Simurgh;1093000000;1043000;54650000;350;350;1500000;25
Cueva-274;853;649;Cueva;Dragón;1093000000000;1040003000;5400650000;500;850;1500000;25
Cueva-275;160;960;Cueva;Leviatán;10940000;1044000;54700000;300;950;15000000000000;25
Cueva-276;544;806;Cueva;Behemot;10000000000;50000;5000000;200;500;1500000;25
Cueva-277;98;887;Cueva;Dragón;1093000000000;1040003000;5400650000;500;850;1500000;25
Cueva-278;177;375;Cueva;Patotas;10900040000;1044000;540700000;400;400;15000000000000;25
Cueva-279;865;889;Cueva;Behemot;10000000000;50000;5000000;200;500;1500000;25
Cueva-280;896;876;Cueva;Patotas;10900040000;1044000;540700000;400;400;15000000000000;25
Cueva-281;420;529;Cueva;Dragón;1093000000000;1040003000;5400650000;500;850;1500000;25
Cueva-282;951;156;Cueva;Behemot;10000000000;50000;5000000;200;500;1500000;25
Cueva-283;724;355;Cueva;Dragón;1093000000000;1040003000;5400650000;500;850;1500000;25
Cueva-284;489;220;Cueva;Behemot;10000000000;50000;5000000;200;500;1500000;25
Cueva-285;113;476;Cueva;Behemot;10000000000;50000;5000000;200;500;1500000;25
Cueva-286;625;13;Cueva;Chupacabras;1093000000000;1040003000;5400650000;450;600;1500000;25
Cueva-287;68;962;Cueva;Chupacabras;1093000000000;1040003000;5400650000;450;600;1500000;25
Cueva-288;908;203;Cueva;Chupacabras;1093000000000;1040003000;5400650000;450;600;1500000;25
Cueva-289;3;106;Cueva;Chupacabras;1093000000000;1040003000;5400650000;450;600;1500000;25
Cueva-290;837;835;Cueva;Chupacabras;1093000000000;1040003000;5400650000;450;600;1500000;25
Cueva-291;531;738;Cueva;Behemot;10000000000;50000;5000000;200;500;1500000;25
Cueva-292;909;940;Cueva;Simurgh;1093000000;1043000;54650000;350;350;1500000;25
Cueva-293;197;883;Cueva;Simurgh;1093000000;1043000;54650000;350;350;1500000;25
Cueva-294;493;882;Cueva;Chupacabras;1093000000000;1040003000;5400650000;450;600;1500000;25
Cueva-295;853;105;Cueva;Patotas;10900040000;1044000;540700000;400;400;15000000000000;25
Cueva-296;610;900;Cueva;Behemot;10000000000;50000;5000000;200;500;1500000;25
Cueva-297;756;200;Cueva;Behemot;10000000000;50000;5000000;200;500;1500000;25
Cueva-298;797;628;Cueva;Chupacabras;1093000000000;1040003000;5400650000;450;600;1500000;25
Cueva-299;229;534;Cueva;Simurgh;1093000000;1043000;54650000;350;350;1500000;25
Cueva-300;614;772;Cueva;Simurgh;1093000000;1043000;54650000;350;350;1500000;25
Cueva-301;170;875;Cueva;Behemot;10000000000;50000;5000000;200;500;1500000;25
Cueva-302;513;958;Cueva;Leviatán;10940000;1044000;54700000;300;950;15000000000000;25
Cueva-303;447;366;Cueva;Patotas;10900040000;1044000;540700000;400;400;15000000000000;25
Cueva-304;693;925;Cueva;Patotas;10900040000;1044000;540700000;400;400;15000000000000;25
Cueva-305;117;878;Cueva;Patotas;10900040000;1044000;540700000;400;400;15000000000000;25
Cueva-306;886;547;Cueva;Simurgh;1093000000;1043000;54650000;350;350;1500000;25
Cueva-307;931;308;Cueva;Dragón;1093000000000;1040003000;5400650000;500;850;1500000;25
Cueva-308;311;990;Cueva;Patotas;10900040000;1044000;540700000;400;400;15000000000000;25
Cueva-309;220;970;Cueva;Dragón;1093000000000;1040003000;5400650000;500;850;1500000;25
Cueva-310;403;835;Cueva;Patotas;10900040000;1044000;540700000;400;400;15000000000000;25
Cueva-311;882;424;Cueva;Dragón;1093000000000;1040003000;5400650000;500;850;1500000;25
Cueva-312;442;543;Cueva;Chupacabras;1093000000000;1040003000;5400650000;450;600;1500000;25
Cueva-313;773;383;Cueva;Behemot;10000000000;50000;5000000;200;500;1500000;25
Cueva-314;801;225;Cueva;Simurgh;1093000000;1043000;54650000;350;350;1500000;25
Cueva-315;590;688;Cueva;Leviatán;10940000;1044000;54700000;300;950;15000000000000;25
Cueva-316;53;322;Cueva;Simurgh;1093000000;1043000;54650000;350;350;1500000;25
Cueva-317;130;960;Cueva;Chupacabras;1093000000000;1040003000;5400650000;450;600;1500000;25
Cueva-318;791;687;Cueva;Simurgh;1093000000;1043000;54650000;350;350;1500000;25
Cueva-319;233;954;Cueva;Behemot;10000000000;50000;5000000;200;500;1500000;25
Cueva-320;410;83;Cueva;Dragón;1093000000000;1040003000;5400650000;500;850;1500000;25
Cueva-321;113;471;Cueva;Patotas;10900040000;1044000;540700000;400;400;15000000000000;25
Cueva-322;975;606;Cueva;Simurgh;1093000000;1043000;54650000;350;350;1500000;25
Cueva-323;552;652;Cueva;Simurgh;1093000000;1043000;54650000;350;350;1500000;25
Cueva-324;106;831;Cueva;Chupacabras;1093000000000;1040003000;5400650000;450;600;1500000;25
Cueva-325;485;608;Cueva;Dragón;1093000000000;1040003000;5400650000;500;850;1500000;25
Cueva-326;740;879;Cueva;Dragón;1093000000000;1040003000;5400650000;500;850;1500000;25
Cueva-327;129;991;Cueva;Patotas;10900040000;1044000;540700000;400;400;15000000000000;25
Cueva-328;273;837;Cueva;Patotas;10900040000;1044000;540700000;400;400;15000000000000;25
Cueva-329;256;766;Cueva;Behemot;10000000000;50000;5000000;200;500;1500000;25
Cueva-330;936;809;Cueva;Leviatán;10940000;1044000;54700000;300;950;15000000000000;25
Cueva-331;62;16;Cueva;Patotas;10900040000;1044000;540700000;400;400;15000000000000;25
Cueva-332;316;161;Cueva;Simurgh;1093000000;1043000;54650000;350;350;1500000;25
Cueva-333;567;170;Cueva;Leviatán;10940000;1044000;54700000;300;950;15000000000000;25
Cueva-334;650;415;Cueva;Chupacabras;1093000000000;1040003000;5400650000;450;600;1500000;25
Cueva-335;219;646;Cueva;Simurgh;1093000000;1043000;54650000;350;350;1500000;25
Cueva-336;358;414;Cueva;Simurgh;1093000000;1043000;54650000;350;350;1500000;25
Cueva-337;491;925;Cueva;Patotas;10900040000;1044000;540700000;400;400;15000000000000;25
Cueva-338;594;105;Cueva;Behemot;10000000000;50000;5000000;200;500;1500000;25
Cueva-339;339;809;Cueva;Chupacabras;1093000000000;1040003000;5400650000;450;600;1500000;25
Cueva-340;831;454;Cueva;Leviatán;10940000;1044000;54700000;300;950;15000000000000;25
Cueva-341;242;477;Cueva;Chupacabras;1093000000000;1040003000;5400650000;450;600;1500000;25
Cueva-342;316;426;Cueva;Behemot;10000000000;50000;5000000;200;500;1500000;25
Cueva-343;411;169;Cueva;Behemot;10000000000;50000;5000000;200;500;1500000;25
Cueva-344;278;143;Cueva;Simurgh;1093000000;1043000;54650000;350;350;1500000;25
Cueva-345;512;975;Cueva;Chupacabras;1093000000000;1040003000;5400650000;450;600;1500000;25
Cueva-346;318;881;Cueva;Behemot;10000000000;50000;5000000;200;500;1500000;25
Cueva-347;524;46;Cueva;Simurgh;1093000000;1043000;54650000;350;350;1500000;25
Cueva-348;880;913;Cueva;Behemot;10000000000;50000;5000000;200;500;1500000;25
Cueva-349;327;682;Cueva;Leviatán;10940000;1044000;54700000;300;950;15000000000000;25
Cueva-350;876;623;Cueva;Chupacabras;1093000000000;1040003000;5400650000;450;600;1500000;25
Cueva-351;567;35;Cueva;Patotas;10900040000;1044000;540700000;400;400;15000000000000;25
Cueva-352;920;302;Cueva;Patotas;10900040000;1044000;540700000;400;400;15000000000000;25
Cueva-353;684;291;Cueva;Simurgh;1093000000;1043000;54650000;350;350;1500000;25
Cueva-354;331;423;Cueva;Chupacabras;1093000000000;1040003000;5400650000;450;600;1500000;25
Cueva-355;803;391;Cueva;Behemot;10000000000;50000;5000000;200;500;1500000;25
Cueva-356;222;76;Cueva;Simurgh;1093000000;1043000;54650000;350;350;1500000;25
Cueva-357;182;53;Cueva;Behemot;10000000000;50000;5000000;200;500;1500000;25
Cueva-358;381;253;Cueva;Dragón;1093000000000;1040003000;5400650000;500;850;1500000;25
Cueva-359;936;930;Cueva;Behemot;10000000000;50000;5000000;200;500;1500000;25
Cueva-360;634;52;Cueva;Chupacabras;1093000000000;1040003000;5400650000;450;600;1500000;25
Cueva-361;818;538;Cueva;Simurgh;1093000000;1043000;54650000;350;350;1500000;25
Cueva-362;347;773;Cueva;Dragón;1093000000000;1040003000;5400650000;500;850;1500000;25
Cueva-363;211;763;Cueva;Dragón;1093000000000;1040003000;5400650000;500;850;1500000;25
Cueva-364;163;58;Cueva;Dragón;1093000000000;1040003000;5400650000;500;850;1500000;25
Cueva-365;477;644;Cueva;Simurgh;1093000000;1043000;54650000;350;350;1500000;25
Cueva-366;369;553;Cueva;Dragón;1093000000000;1040003000;5400650000;500;850;1500000;25
Cueva-367;512;611;Cueva;Patotas;10900040000;1044000;540700000;400;400;15000000000000;25
Cueva-368;966;781;Cueva;Behemot;10000000000;50000;5000000;200;500;1500000;25
Cueva-369;708;266;Cueva;Leviatán;10940000;1044000;54700000;300;950;15000000000000;25
Cueva-370;619;328;Cueva;Chupacabras;1093000000000;1040003000;5400650000;450;600;1500000;25
Cueva-371;152;277;Cueva;Chupacabras;1093000000000;1040003000;5400650000;450;600;1500000;25
Cueva-372;683;93;Cueva;Leviatán;10940000;1044000;54700000;300;950;15000000000000;25
Cueva-373;854;567;Cueva;Simurgh;1093000000;1043000;54650000;350;350;1500000;25
Cueva-374;780;767;Cueva;Behemot;10000000000;50000;5000000;200;500;1500000;25
Cueva-375;877;718;Cueva;Dragón;1093000000000;1040003000;5400650000;500;850;1500000;25
Cueva-376;889;683;Cueva;Behemot;10000000000;50000;5000000;200;500;1500000;25
Cueva-377;339;539;Cueva;Patotas;10900040000;1044000;540700000;400;400;15000000000000;25
Cueva-378;208;959;Cueva;Leviatán;10940000;1044000;54700000;300;950;15000000000000;25
Cueva-379;507;352;Cueva;Leviatán;10940000;1044000;54700000;300;950;15000000000000;25
Cueva-380;647;512;Cueva;Patotas;10900040000;1044000;540700000;400;400;15000000000000;25
Cueva-381;692;416;Cueva;Dragón;1093000000000;1040003000;5400650000;500;850;1500000;25
Cueva-382;304;420;Cueva;Leviatán;10940000;1044000;54700000;300;950;15000000000000;25
Cueva-383;9;768;Cueva;Patotas;10900040000;1044000;540700000;400;400;15000000000000;25
Cueva-384;85;232;Cueva;Behemot;10000000000;50000;5000000;200;500;1500000;25
Cueva-385;445;395;Cueva;Dragón;1093000000000;1040003000;5400650000;500;850;1500000;25
Cueva-386;736;867;Cueva;Chupacabras;1093000000000;1040003000;5400650000;450;600;1500000;25
Cueva-387;717;198;Cueva;Leviatán;10940000;1044000;54700000;300;950;15000000000000;25
Cueva-388;884;622;Cueva;Patotas;10900040000;1044000;540700000;400;400;15000000000000;25
Cueva-389;414;682;Cueva;Chupacabras;1093000000000;1040003000;5400650000;450;600;1500000;25
Cueva-390;260;120;Cueva;Behemot;10000000000;50000;5000000;200;500;1500000;25
Cueva-391;3;464;Cueva;Behemot;10000000000;50000;5000000;200;500;1500000;25
Cueva-392;519;847;Cueva;Leviatán;10940000;1044000;54700000;300;950;15000000000000;25
Cueva-393;802;260;Cueva;Patotas;10900040000;1044000;540700000;400;400;15000000000000;25
Cueva-394;763;579;Cueva;Simurgh;1093000000;1043000;54650000;350;350;1500000;25
Cueva-395;758;891;Cueva;Chupacabras;1093000000000;1040003000;5400650000;450;600;1500000;25
Cueva-396;976;961;Cueva;Chupacabras;1093000000000;1040003000;5400650000;450;600;1500000;25
Cueva-397;954;119;Cueva;Patotas;10900040000;1044000;540700000;400;400;15000000000000;25
Cueva-398;589;561;Cueva;Behemot;10000000000;50000;5000000;200;500;1500000;25
Cueva-399;149;765;Cueva;Behemot;10000000000;50000;5000000;200;500;1500000;25
Cueva-400;211;987;Cueva;Dragón;1093000000000;1040003000;5400650000;500;850;1500000;25
Cueva-401;622;985;Cueva;Patotas;10900040000;1044000;540700000;400;400;15000000000000;25
Cueva-402;143;614;Cueva;Simurgh;1093000000;1043000;54650000;350;350;1500000;25
Cueva-403;81;630;Cueva;Chupacabras;1093000000000;1040003000;5400650000;450;600;1500000;25
Cueva-404;874;266;Cueva;Dragón;1093000000000;1040003000;5400650000;500;850;1500000;25
Cueva-405;358;548;Cueva;Patotas;10900040000;1044000;540700000;400;400;15000000000000;25
Cueva-406;842;243;Cueva;Patotas;10900040000;1044000;540700000;400;400;15000000000000;25
Cueva-407;296;802;Cueva;Patotas;10900040000;1044000;540700000;400;400;15000000000000;25
Cueva-408;306;748;Cueva;Chupacabras;1093000000000;1040003000;5400650000;450;600;1500000;25
Cueva-409;192;763;Cueva;Behemot;10000000000;50000;5000000;200;500;1500000;25
Cueva-410;204;984;Cueva;Patotas;10900040000;1044000;540700000;400;400;15000000000000;25
Cueva-411;122;667;Cueva;Behemot;10000000000;50000;5000000;200;500;1500000;25
Cueva-412;560;530;Cueva;Patotas;10900040000;1044000;540700000;400;400;15000000000000;25
Cueva-413;228;923;Cueva;Simurgh;1093000000;1043000;54650000;350;350;1500000;25
Cueva-414;781;587;Cueva;Simurgh;1093000000;1043000;54650000;350;350;1500000;25
Cueva-415;411;550;Cueva;Simurgh;1093000000;1043000;54650000;350;350;1500000;25
Cueva-416;738;616;Cueva;Dragón;1093000000000;1040003000;5400650000;500;850;1500000;25
Cueva-417;499;999;Cueva;Dragón;1093000000000;1040003000;5400650000;500;850;1500000;25
Cueva-418;746;629;Cueva;Simurgh;1093000000;1043000;54650000;350;350;1500000;25
Cueva-419;516;414;Cueva;Chupacabras;1093000000000;1040003000;5400650000;450;600;1500000;25
Cueva-420;129;581;Cueva;Behemot;10000000000;50000;5000000;200;500;1500000;25
Cueva-421;974;627;Cueva;Dragón;1093000000000;1040003000;5400650000;500;850;1500000;25
Cueva-422;171;834;Cueva;Dragón;1093000000000;1040003000;5400650000;500;850;1500000;25
Cueva-423;116;471;Cueva;Dragón;1093000000000;1040003000;5400650000;500;850;1500000;25
Cueva-424;60;54;Cueva;Simurgh;1093000000;1043000;54650000;350;350;1500000;25
Cueva-425;233;400;Cueva;Leviatán;10940000;1044000;54700000;300;950;15000000000000;25
Cueva-426;889;943;Cueva;Dragón;1093000000000;1040003000;5400650000;500;850;1500000;25
Cueva-427;557;860;Cueva;Simurgh;1093000000;1043000;54650000;350;350;1500000;25
Cueva-428;778;590;Cueva;Dragón;1093000000000;1040003000;5400650000;500;850;1500000;25
Cueva-429;757;229;Cueva;Patotas;10900040000;1044000;540700000;400;400;15000000000000;25
Cueva-430;388;521;Cueva;Simurgh;1093000000;1043000;54650000;350;350;1500000;25
Cueva-431;116;489;Cueva;Dragón;1093000000000;1040003000;5400650000;500;850;1500000;25
Cueva-432;565;306;Cueva;Dragón;1093000000000;1040003000;5400650000;500;850;1500000;25
Cueva-433;740;734;Cueva;Behemot;10000000000;50000;5000000;200;500;1500000;25
Cueva-434;962;280;Cueva;Behemot;10000000000;50000;5000000;200;500;1500000;25
Cueva-435;587;74;Cueva;Leviatán;10940000;1044000;54700000;300;950;15000000000000;25
Cueva-436;241;331;Cueva;Chupacabras;1093000000000;1040003000;5400650000;450;600;1500000;25
Cueva-437;32;486;Cueva;Patotas;10900040000;1044000;540700000;400;400;15000000000000;25
Cueva-438;113;191;Cueva;Simurgh;1093000000;1043000;54650000;350;350;1500000;25
Cueva-439;662;6;Cueva;Patotas;10900040000;1044000;540700000;400;400;15000000000000;25
Cueva-440;170;963;Cueva;Simurgh;1093000000;1043000;54650000;350;350;1500000;25
Cueva-441;584;432;Cueva;Leviatán;10940000;1044000;54700000;300;950;15000000000000;25
Cueva-442;565;818;Cueva;Behemot;10000000000;50000;5000000;200;500;1500000;25
Cueva-443;83;586;Cueva;Simurgh;1093000000;1043000;54650000;350;350;1500000;25
Cueva-444;941;998;Cueva;Chupacabras;1093000000000;1040003000;5400650000;450;600;1500000;25
Cueva-445;520;20;Cueva;Dragón;1093000000000;1040003000;5400650000;500;850;1500000;25
Cueva-446;602;486;Cueva;Simurgh;1093000000;1043000;54650000;350;350;1500000;25
Cueva-447;779;280;Cueva;Dragón;1093000000000;1040003000;5400650000;500;850;1500000;25
Cueva-448;213;772;Cueva;Simurgh;1093000000;1043000;54650000;350;350;1500000;25
Cueva-449;167;149;Cueva;Patotas;10900040000;1044000;540700000;400;400;15000000000000;25
Cueva-450;953;981;Cueva;Simurgh;1093000000;1043000;54650000;350;350;1500000;25
Cueva-451;107;107;Cueva;Patotas;10900040000;1044000;540700000;400;400;15000000000000;25
Cueva-452;892;584;Cueva;Chupacabras;1093000000000;1040003000;5400650000;450;600;1500000;25
Cueva-453;697;247;Cueva;Behemot;10000000000;50000;5000000;200;500;1500000;25
Cueva-454;50;903;Cueva;Simurgh;1093000000;1043000;54650000;350;350;1500000;25
Cueva-455;477;216;Cueva;Behemot;10000000000;50000;5000000;200;500;1500000;25
Cueva-456;215;76;Cueva;Behemot;10000000000;50000;5000000;200;500;1500000;25
Cueva-457;881;840;Cueva;Dragón;1093000000000;1040003000;5400650000;500;850;1500000;25
Cueva-458;787;131;Cueva;Simurgh;1093000000;1043000;54650000;350;350;1500000;25
Cueva-459;521;924;Cueva;Patotas;10900040000;1044000;540700000;400;400;15000000000000;25
Cueva-460;468;769;Cueva;Dragón;1093000000000;1040003000;5400650000;500;850;1500000;25
Cueva-461;485;184;Cueva;Patotas;10900040000;1044000;540700000;400;400;15000000000000;25
Cueva-462;614;972;Cueva;Behemot;10000000000;50000;5000000;200;500;1500000;25
Cueva-463;193;57;Cueva;Chupacabras;1093000000000;1040003000;5400650000;450;600;1500000;25
Cueva-464;937;573;Cueva;Chupacabras;1093000000000;1040003000;5400650000;450;600;1500000;25
Cueva-465;505;827;Cueva;Leviatán;10940000;1044000;54700000;300;950;15000000000000;25
Cueva-466;443;852;Cueva;Chupacabras;1093000000000;1040003000;5400650000;450;600;1500000;25
Cueva-467;777;221;Cueva;Simurgh;1093000000;1043000;54650000;350;350;1500000;25
Cueva-468;9;767;Cueva;Chupacabras;1093000000000;1040003000;5400650000;450;600;1500000;25
Cueva-469;679;979;Cueva;Dragón;1093000000000;1040003000;5400650000;500;850;1500000;25
Cueva-470;457;350;Cueva;Patotas;10900040000;1044000;540700000;400;400;15000000000000;25
Cueva-471;831;448;Cueva;Behemot;10000000000;50000;5000000;200;500;1500000;25
Cueva-472;439;320;Cueva;Leviatán;10940000;1044000;54700000;300;950;15000000000000;25
Cueva-473;377;259;Cueva;Behemot;10000000000;50000;5000000;200;500;1500000;25
Cueva-474;885;684;Cueva;Leviatán;10940000;1044000;54700000;300;950;15000000000000;25
Cueva-475;529;631;Cueva;Leviatán;10940000;1044000;54700000;300;950;15000000000000;25
Cueva-476;233;907;Cueva;Chupacabras;1093000000000;1040003000;5400650000;450;600;1500000;25
Cueva-477;721;554;Cueva;Dragón;1093000000000;1040003000;5400650000;500;850;1500000;25
Cueva-478;318;704;Cueva;Simurgh;1093000000;1043000;54650000;350;350;1500000;25
Cueva-479;847;401;Cueva;Chupacabras;1093000000000;1040003000;5400650000;450;600;1500000;25
Cueva-480;351;225;Cueva;Chupacabras;1093000000000;1040003000;5400650000;450;600;1500000;25
Cueva-481;57;681;Cueva;Simurgh;1093000000;1043000;54650000;350;350;1500000;25
Cueva-482;698;40;Cueva;Behemot;10000000000;50000;5000000;200;500;1500000;25
Cueva-483;355;195;Cueva;Simurgh;1093000000;1043000;54650000;350;350;1500000;25
Cueva-484;207;598;Cueva;Chupacabras;1093000000000;1040003000;5400650000;450;600;1500000;25
Cueva-485;593;423;Cueva;Simurgh;1093000000;1043000;54650000;350;350;1500000;25
Cueva-486;73;369;Cueva;Patotas;10900040000;1044000;540700000;400;400;15000000000000;25
Cueva-487;877;182;Cueva;Chupacabras;1093000000000;1040003000;5400650000;450;600;1500000;25
Cueva-488;329;57;Cueva;Chupacabras;1093000000000;1040003000;5400650000;450;600;1500000;25
Cueva-489;429;809;Cueva;Leviatán;10940000;1044000;54700000;300;950;15000000000000;25
Cueva-490;938;686;Cueva;Behemot;10000000000;50000;5000000;200;500;1500000;25
Cueva-491;807;593;Cueva;Dragón;1093000000000;1040003000;5400650000;500;850;1500000;25
Cueva-492;44;818;Cueva;Patotas;10900040000;1044000;540700000;400;400;15000000000000;25
Cueva-493;46;519;Cueva;Behemot;10000000000;50000;5000000;200;500;1500000;25
Cueva-494;993;878;Cueva;Patotas;10900040000;1044000;540700000;400;400;15000000000000;25
Cueva-495;116;187;Cueva;Behemot;10000000000;50000;5000000;200;500;1500000;25
Cueva-496;363;711;Cueva;Chupacabras;1093000000000;1040003000;5400650000;450;600;1500000;25
Cueva-497;350;781;Cueva;Patotas;10900040000;1044000;540700000;400;400;15000000000000;25
Cueva-498;882;763;Cueva;Patotas;10900040000;1044000;540700000;400;400;15000000000000;25
Cueva-499;428;453;Cueva;Patotas;10900040000;1044000;540700000;400;400;15000000000000;25
Cueva-500;255;391;Cueva;Patotas;10900040000;1044000;540700000;400;400;15000000000000;25
Cueva-501;333;54;Cueva;Behemot;10000000000;50000;5000000;200;500;1500000;25
Cueva-502;741;913;Cueva;Dragón;1093000000000;1040003000;5400650000;500;850;1500000;25
Cueva-503;124;447;Cueva;Dragón;1093000000000;1040003000;5400650000;500;850;1500000;25
Cueva-504;661;157;Cueva;Patotas;10900040000;1044000;540700000;400;400;15000000000000;25
Cueva-505;227;530;Cueva;Dragón;1093000000000;1040003000;5400650000;500;850;1500000;25
Cueva-506;690;202;Cueva;Behemot;10000000000;50000;5000000;200;500;1500000;25
Cueva-507;694;819;Cueva;Leviatán;10940000;1044000;54700000;300;950;15000000000000;25
Cueva-508;542;313;Cueva;Patotas;10900040000;1044000;540700000;400;400;15000000000000;25
Cueva-509;991;279;Cueva;Leviatán;10940000;1044000;54700000;300;950;15000000000000;25
Cueva-510;662;378;Cueva;Simurgh;1093000000;1043000;54650000;350;350;1500000;25
Cueva-511;958;767;Cueva;Dragón;1093000000000;1040003000;5400650000;500;850;1500000;25
Cueva-512;783;775;Cueva;Chupacabras;1093000000000;1040003000;5400650000;450;600;1500000;25
Cueva-513;394;298;Cueva;Chupacabras;1093000000000;1040003000;5400650000;450;600;1500000;25
Cueva-514;595;953;Cueva;Patotas;10900040000;1044000;540700000;400;400;15000000000000;25
Cueva-515;941;696;Cueva;Patotas;10900040000;1044000;540700000;400;400;15000000000000;25
Cueva-516;415;519;Cueva;Leviatán;10940000;1044000;54700000;300;950;15000000000000;25
Cueva-517;691;292;Cueva;Patotas;10900040000;1044000;540700000;400;400;15000000000000;25
Cueva-518;428;565;Cueva;Dragón;1093000000000;1040003000;5400650000;500;850;1500000;25
Cueva-519;22;682;Cueva;Simurgh;1093000000;1043000;54650000;350;350;1500000;25
Cueva-520;90;170;Cueva;Leviatán;10940000;1044000;54700000;300;950;15000000000000;25
Cueva-521;561;838;Cueva;Behemot;10000000000;50000;5000000;200;500;1500000;25
Cueva-522;402;674;Cueva;Leviatán;10940000;1044000;54700000;300;950;15000000000000;25
Cueva-523;116;79;Cueva;Behemot;10000000000;50000;5000000;200;500;1500000;25
Cueva-524;922;301;Cueva;Behemot;10000000000;50000;5000000;200;500;1500000;25
Cueva-525;671;957;Cueva;Simurgh;1093000000;1043000;54650000;350;350;1500000;25
Cueva-526;584;422;Cueva;Dragón;1093000000000;1040003000;5400650000;500;850;1500000;25
Cueva-527;339;645;Cueva;Dragón;1093000000000;1040003000;5400650000;500;850;1500000;25
Cueva-528;128;53;Cueva;Behemot;10000000000;50000;5000000;200;500;1500000;25
Cueva-529;170;535;Cueva;Dragón;1093000000000;1040003000;5400650000;500;850;1500000;25
Cueva-530;622;296;Cueva;Chupacabras;1093000000000;1040003000;5400650000;450;600;1500000;25
Cueva-531;495;731;Cueva;Simurgh;1093000000;1043000;54650000;350;350;1500000;25
Cueva-532;634;926;Cueva;Leviatán;10940000;1044000;54700000;300;950;15000000000000;25
Cueva-533;964;801;Cueva;Dragón;1093000000000;1040003000;5400650000;500;850;1500000;25
Cueva-534;109;305;Cueva;Leviatán;10940000;1044000;54700000;300;950;15000000000000;25
Cueva-535;87;793;Cueva;Dragón;1093000000000;1040003000;5400650000;500;850;1500000;25
Cueva-536;328;492;Cueva;Patotas;10900040000;1044000;540700000;400;400;15000000000000;25
Cueva-537;607;810;Cueva;Dragón;1093000000000;1040003000;5400650000;500;850;1500000;25
Cueva-538;775;812;Cueva;Simurgh;1093000000;1043000;54650000;350;350;1500000;25
Cueva-539;728;35;Cueva;Behemot;10000000000;50000;5000000;200;500;1500000;25
Cueva-540;436;699;Cueva;Chupacabras;1093000000000;1040003000;5400650000;450;600;1500000;25
Cueva-541;519;50;Cueva;Chupacabras;1093000000000;1040003000;5400650000;450;600;1500000;25
Cueva-542;541;892;Cueva;Behemot;10000000000;50000;5000000;200;500;1500000;25
Cueva-543;569;545;Cueva;Leviatán;10940000;1044000;54700000;300;950;15000000000000;25
Cueva-544;140;795;Cueva;Leviatán;10940000;1044000;54700000;300;950;15000000000000;25
Cueva-545;317;208;Cueva;Simurgh;1093000000;1043000;54650000;350;350;1500000;25
Cueva-546;513;748;Cueva;Leviatán;10940000;1044000;54700000;300;950;15000000000000;25
Cueva-547;24;193;Cueva;Behemot;10000000000;50000;5000000;200;500;1500000;25
Cueva-548;886;90;Cueva;Dragón;1093000000000;1040003000;5400650000;500;850;1500000;25
Cueva-549;10;685;Cueva;Patotas;10900040000;1044000;540700000;400;400;15000000000000;25
Cueva-550;161;836;Cueva;Behemot;10000000000;50000;5000000;200;500;1500000;25
Cueva-551;660;538;Cueva;Simurgh;1093000000;1043000;54650000;350;350;1500000;25
Cueva-552;347;883;Cueva;Chupacabras;1093000000000;1040003000;5400650000;450;600;1500000;25
Cueva-553;547;14;Cueva;Patotas;10900040000;1044000;540700000;400;400;15000000000000;25
Cueva-554;561;577;Cueva;Behemot;10000000000;50000;5000000;200;500;1500000;25
Cueva-555;354;504;Cueva;Patotas;10900040000;1044000;540700000;400;400;15000000000000;25
Cueva-556;38;146;Cueva;Chupacabras;1093000000000;1040003000;5400650000;450;600;1500000;25
Cueva-557;826;570;Cueva;Dragón;1093000000000;1040003000;5400650000;500;850;1500000;25
Cueva-558;612;143;Cueva;Behemot;10000000000;50000;5000000;200;500;1500000;25
Cueva-559;648;316;Cueva;Chupacabras;1093000000000;1040003000;5400650000;450;600;1500000;25
Cueva-560;551;887;Cueva;Leviatán;10940000;1044000;54700000;300;950;15000000000000;25
Cueva-561;977;659;Cueva;Leviatán;10940000;1044000;54700000;300;950;15000000000000;25
Cueva-562;565;794;Cueva;Simurgh;1093000000;1043000;54650000;350;350;1500000;25
Cueva-563;553;978;Cueva;Patotas;10900040000;1044000;540700000;400;400;15000000000000;25
Cueva-564;862;254;Cueva;Behemot;10000000000;50000;5000000;200;500;1500000;25
Cueva-565;568;329;Cueva;Behemot;10000000000;50000;5000000;200;500;1500000;25
Cueva-566;807;583;Cueva;Simurgh;1093000000;1043000;54650000;350;350;1500000;25
Cueva-567;584;264;Cueva;Chupacabras;1093000000000;1040003000;5400650000;450;600;1500000;25
Cueva-568;847;238;Cueva;Chupacabras;1093000000000;1040003000;5400650000;450;600;1500000;25
Cueva-569;616;207;Cueva;Simurgh;1093000000;1043000;54650000;350;350;1500000;25
Cueva-570;460;643;Cueva;Simurgh;1093000000;1043000;54650000;350;350;1500000;25
Cueva-571;165;42;Cueva;Chupacabras;1093000000000;1040003000;5400650000;450;600;1500000;25
Cueva-572;407;469;Cueva;Chupacabras;1093000000000;1040003000;5400650000;450;600;1500000;25
Cueva-573;909;487;Cueva;Simurgh;1093000000;1043000;54650000;350;350;1500000;25
Cueva-574;251;905;Cueva;Chupacabras;1093000000000;1040003000;5400650000;450;600;1500000;25
Cueva-575;653;143;Cueva;Chupacabras;1093000000000;1040003000;5400650000;450;600;1500000;25
Cueva-576;800;818;Cueva;Patotas;10900040000;1044000;540700000;400;400;15000000000000;25
Cueva-577;571;995;Cueva;Chupacabras;1093000000000;1040003000;5400650000;450;600;1500000;25
Cueva-578;408;214;Cueva;Patotas;10900040000;1044000;540700000;400;400;15000000000000;25
Cueva-579;66;185;Cueva;Chupacabras;1093000000000;1040003000;5400650000;450;600;1500000;25
Cueva-580;816;179;Cueva;Leviatán;10940000;1044000;54700000;300;950;15000000000000;25
Cueva-581;493;2;Cueva;Behemot;10000000000;50000;5000000;200;500;1500000;25
Cueva-582;37;158;Cueva;Behemot;10000000000;50000;5000000;200;500;1500000;25
Cueva-583;499;997;Cueva;Chupacabras;1093000000000;1040003000;5400650000;450;600;1500000;25
Cueva-584;602;830;Cueva;Dragón;1093000000000;1040003000;5400650000;500;850;1500000;25
Cueva-585;48;972;Cueva;Dragón;1093000000000;1040003000;5400650000;500;850;1500000;25
Cueva-586;330;798;Cueva;Patotas;10900040000;1044000;540700000;400;400;15000000000000;25
Cueva-587;377;226;Cueva;Simurgh;1093000000;1043000;54650000;350;350;1500000;25
Cueva-588;72;246;Cueva;Chupacabras;1093000000000;1040003000;5400650000;450;600;1500000;25
Cueva-589;986;694;Cueva;Simurgh;1093000000;1043000;54650000;350;350;1500000;25
Cueva-590;101;816;Cueva;Chupacabras;1093000000000;1040003000;5400650000;450;600;1500000;25
Cueva-591;220;764;Cueva;Patotas;10900040000;1044000;540700000;400;400;15000000000000;25
Cueva-592;997;950;Cueva;Patotas;10900040000;1044000;540700000;400;400;15000000000000;25
Cueva-593;780;854;Cueva;Leviatán;10940000;1044000;54700000;300;950;15000000000000;25
Cueva-594;942;120;Cueva;Patotas;10900040000;1044000;540700000;400;400;15000000000000;25
Cueva-595;121;907;Cueva;Behemot;10000000000;50000;5000000;200;500;1500000;25
Cueva-596;282;595;Cueva;Leviatán;10940000;1044000;54700000;300;950;15000000000000;25
Cueva-597;941;569;Cueva;Leviatán;10940000;1044000;54700000;300;950;15000000000000;25
Cueva-598;406;374;Cueva;Chupacabras;1093000000000;1040003000;5400650000;450;600;1500000;25
Cueva-599;973;211;Cueva;Behemot;10000000000;50000;5000000;200;500;1500000;25
Cueva-600;944;831;Cueva;Behemot;10000000000;50000;5000000;200;500;1500000;25
Cueva-601;726;492;Cueva;Patotas;10900040000;1044000;540700000;400;400;15000000000000;25
Cueva-602;864;304;Cueva;Chupacabras;1093000000000;1040003000;5400650000;450;600;1500000;25
Cueva-603;59;712;Cueva;Simurgh;1093000000;1043000;54650000;350;350;1500000;25
Cueva-604;191;584;Cueva;Dragón;1093000000000;1040003000;5400650000;500;850;1500000;25
Cueva-605;87;365;Cueva;Chupacabras;1093000000000;1040003000;5400650000;450;600;1500000;25
Cueva-606;399;353;Cueva;Behemot;10000000000;50000;5000000;200;500;1500000;25
Cueva-607;804;420;Cueva;Patotas;10900040000;1044000;540700000;400;400;15000000000000;25
Cueva-608;36;301;Cueva;Dragón;1093000000000;1040003000;5400650000;500;850;1500000;25
Cueva-609;140;111;Cueva;Chupacabras;1093000000000;1040003000;5400650000;450;600;1500000;25
Cueva-610;365;220;Cueva;Patotas;10900040000;1044000;540700000;400;400;15000000000000;25
Cueva-611;645;930;Cueva;Dragón;1093000000000;1040003000;5400650000;500;850;1500000;25
Cueva-612;555;219;Cueva;Behemot;10000000000;50000;5000000;200;500;1500000;25
Cueva-613;75;247;Cueva;Leviatán;10940000;1044000;54700000;300;950;15000000000000;25
Cueva-614;337;167;Cueva;Dragón;1093000000000;1040003000;5400650000;500;850;1500000;25
Cueva-615;943;880;Cueva;Behemot;10000000000;50000;5000000;200;500;1500000;25
Cueva-616;353;749;Cueva;Simurgh;1093000000;1043000;54650000;350;350;1500000;25
Cueva-617;498;84;Cueva;Behemot;10000000000;50000;5000000;200;500;1500000;25
Cueva-618;529;993;Cueva;Leviatán;10940000;1044000;54700000;300;950;15000000000000;25
Cueva-619;718;124;Cueva;Chupacabras;1093000000000;1040003000;5400650000;450;600;1500000;25
Cueva-620;55;161;Cueva;Leviatán;10940000;1044000;54700000;300;950;15000000000000;25
Cueva-621;748;879;Cueva;Leviatán;10940000;1044000;54700000;300;950;15000000000000;25
Cueva-622;131;318;Cueva;Dragón;1093000000000;1040003000;5400650000;500;850;1500000;25
Cueva-623;484;433;Cueva;Dragón;1093000000000;1040003000;5400650000;500;850;1500000;25
Cueva-624;692;471;Cueva;Patotas;10900040000;1044000;540700000;400;400;15000000000000;25
Cueva-625;154;805;Cueva;Leviatán;10940000;1044000;54700000;300;950;15000000000000;25
Cueva-626;388;743;Cueva;Chupacabras;1093000000000;1040003000;5400650000;450;600;1500000;25
Cueva-627;77;612;Cueva;Dragón;1093000000000;1040003000;5400650000;500;850;1500000;25
Cueva-628;717;6;Cueva;Dragón;1093000000000;1040003000;5400650000;500;850;1500000;25
Cueva-629;996;891;Cueva;Patotas;10900040000;1044000;540700000;400;400;15000000000000;25
Cueva-630;909;176;Cueva;Dragón;1093000000000;1040003000;5400650000;500;850;1500000;25
Cueva-631;541;585;Cueva;Chupacabras;1093000000000;1040003000;5400650000;450;600;1500000;25
Cueva-632;91;376;Cueva;Dragón;1093000000000;1040003000;5400650000;500;850;1500000;25
Cueva-633;301;195;Cueva;Leviatán;10940000;1044000;54700000;300;950;15000000000000;25
Cueva-634;121;237;Cueva;Chupacabras;1093000000000;1040003000;5400650000;450;600;1500000;25
Cueva-635;391;497;Cueva;Behemot;10000000000;50000;5000000;200;500;1500000;25
Cueva-636;907;413;Cueva;Patotas;10900040000;1044000;540700000;400;400;15000000000000;25
Cueva-637;612;227;Cueva;Chupacabras;1093000000000;1040003000;5400650000;450;600;1500000;25
Cueva-638;712;403;Cueva;Simurgh;1093000000;1043000;54650000;350;350;1500000;25
Cueva-639;631;515;Cueva;Simurgh;1093000000;1043000;54650000;350;350;1500000;25
Cueva-640;73;834;Cueva;Behemot;10000000000;50000;5000000;200;500;1500000;25
Cueva-641;651;164;Cueva;Behemot;10000000000;50000;5000000;200;500;1500000;25
Cueva-642;897;723;Cueva;Dragón;1093000000000;1040003000;5400650000;500;850;1500000;25
Cueva-643;37;530;Cueva;Chupacabras;1093000000000;1040003000;5400650000;450;600;1500000;25
Cueva-644;392;718;Cueva;Dragón;1093000000000;1040003000;5400650000;500;850;1500000;25
Cueva-645;781;530;Cueva;Chupacabras;1093000000000;1040003000;5400650000;450;600;1500000;25
Cueva-646;436;248;Cueva;Dragón;1093000000000;1040003000;5400650000;500;850;1500000;25
Cueva-647;207;425;Cueva;Patotas;10900040000;1044000;540700000;400;400;15000000000000;25
Cueva-648;454;562;Cueva;Patotas;10900040000;1044000;540700000;400;400;15000000000000;25
Cueva-649;125;899;Cueva;Behemot;10000000000;50000;5000000;200;500;1500000;25
Cueva-650;403;71;Cueva;Leviatán;10940000;1044000;54700000;300;950;15000000000000;25
Cueva-651;469;16;Cueva;Leviatán;10940000;1044000;54700000;300;950;15000000000000;25
Cueva-652;109;802;Cueva;Leviatán;10940000;1044000;54700000;300;950;15000000000000;25
Cueva-653;439;677;Cueva;Chupacabras;1093000000000;1040003000;5400650000;450;600;1500000;25
Cueva-654;43;829;Cueva;Patotas;10900040000;1044000;540700000;400;400;15000000000000;25
Cueva-655;136;401;Cueva;Leviatán;10940000;1044000;54700000;300;950;15000000000000;25
Cueva-656;912;622;Cueva;Behemot;10000000000;50000;5000000;200;500;1500000;25
Cueva-657;373;713;Cueva;Behemot;10000000000;50000;5000000;200;500;1500000;25
Cueva-658;194;342;Cueva;Patotas;10900040000;1044000;540700000;400;400;15000000000000;25
Cueva-659;761;709;Cueva;Simurgh;1093000000;1043000;54650000;350;350;1500000;25
Cueva-660;192;409;Cueva;Behemot;10000000000;50000;5000000;200;500;1500000;25
Cueva-661;592;132;Cueva;Patotas;10900040000;1044000;540700000;400;400;15000000000000;25
Cueva-662;262;495;Cueva;Chupacabras;1093000000000;1040003000;5400650000;450;600;1500000;25
Cueva-663;927;769;Cueva;Chupacabras;1093000000000;1040003000;5400650000;450;600;1500000;25
Cueva-664;896;772;Cueva;Chupacabras;1093000000000;1040003000;5400650000;450;600;1500000;25
Cueva-665;229;327;Cueva;Patotas;10900040000;1044000;540700000;400;400;15000000000000;25
Cueva-666;380;865;Cueva;Leviatán;10940000;1044000;54700000;300;950;15000000000000;25
Cueva-667;465;814;Cueva;Leviatán;10940000;1044000;54700000;300;950;15000000000000;25
Cueva-668;26;376;Cueva;Simurgh;1093000000;1043000;54650000;350;350;1500000;25
Cueva-669;900;742;Cueva;Chupacabras;1093000000000;1040003000;5400650000;450;600;1500000;25
Cueva-670;511;790;Cueva;Patotas;10900040000;1044000;540700000;400;400;15000000000000;25
Cueva-671;797;677;Cueva;Chupacabras;1093000000000;1040003000;5400650000;450;600;1500000;25
Cueva-672;181;408;Cueva;Patotas;10900040000;1044000;540700000;400;400;15000000000000;25
Cueva-673;274;69;Cueva;Behemot;10000000000;50000;5000000;200;500;1500000;25
Cueva-674;776;981;Cueva;Chupacabras;1093000000000;1040003000;5400650000;450;600;1500000;25
Cueva-675;839;503;Cueva;Patotas;10900040000;1044000;540700000;400;400;15000000000000;25
Cueva-676;965;490;Cueva;Dragón;1093000000000;1040003000;5400650000;500;850;1500000;25
Cueva-677;568;525;Cueva;Patotas;10900040000;1044000;540700000;400;400;15000000000000;25
Cueva-678;815;545;Cueva;Dragón;1093000000000;1040003000;5400650000;500;850;1500000;25
Cueva-679;985;337;Cueva;Simurgh;1093000000;1043000;54650000;350;350;1500000;25
Cueva-680;435;907;Cueva;Dragón;1093000000000;1040003000;5400650000;500;850;1500000;25
Cueva-681;661;981;Cueva;Patotas;10900040000;1044000;540700000;400;400;15000000000000;25
Cueva-682;871;562;Cueva;Dragón;1093000000000;1040003000;5400650000;500;850;1500000;25
Cueva-683;117;765;Cueva;Dragón;1093000000000;1040003000;5400650000;500;850;1500000;25
Cueva-684;782;395;Cueva;Leviatán;10940000;1044000;54700000;300;950;15000000000000;25
Cueva-685;184;288;Cueva;Leviatán;10940000;1044000;54700000;300;950;15000000000000;25
Cueva-686;968;751;Cueva;Leviatán;10940000;1044000;54700000;300;950;15000000000000;25
Cueva-687;265;96;Cueva;Leviatán;10940000;1044000;54700000;300;950;15000000000000;25
Cueva-688;659;163;Cueva;Chupacabras;1093000000000;1040003000;5400650000;450;600;1500000;25
Cueva-689;30;202;Cueva;Simurgh;1093000000;1043000;54650000;350;350;1500000;25
Cueva-690;732;385;Cueva;Behemot;10000000000;50000;5000000;200;500;1500000;25
Cueva-691;961;492;Cueva;Simurgh;1093000000;1043000;54650000;350;350;1500000;25
Cueva-692;928;40;Cueva;Leviatán;10940000;1044000;54700000;300;950;15000000000000;25
Cueva-693;968;351;Cueva;Behemot;10000000000;50000;5000000;200;500;1500000;25
Cueva-694;221;602;Cueva;Chupacabras;1093000000000;1040003000;5400650000;450;600;1500000;25
Cueva-695;608;871;Cueva;Simurgh;1093000000;1043000;54650000;350;350;1500000;25
Cueva-696;639;459;Cueva;Simurgh;1093000000;1043000;54650000;350;350;1500000;25
Cueva-697;298;785;Cueva;Chupacabras;1093000000000;1040003000;5400650000;450;600;1500000;25
Cueva-698;710;748;Cueva;Patotas;10900040000;1044000;540700000;400;400;15000000000000;25
Cueva-699;417;922;Cueva;Patotas;10900040000;1044000;540700000;400;400;15000000000000;25
Cueva-700;872;819;Cueva;Simurgh;1093000000;1043000;54650000;350;350;1500000;25
Cueva-701;321;280;Cueva;Chupacabras;1093000000000;1040003000;5400650000;450;600;1500000;25
Cueva-702;389;195;Cueva;Patotas;10900040000;1044000;540700000;400;400;15000000000000;25
Cueva-703;68;588;Cueva;Leviatán;10940000;1044000;54700000;300;950;15000000000000;25
Cueva-704;453;826;Cueva;Simurgh;1093000000;1043000;54650000;350;350;1500000;25
Cueva-705;241;696;Cueva;Dragón;1093000000000;1040003000;5400650000;500;850;1500000;25
Cueva-706;214;562;Cueva;Simurgh;1093000000;1043000;54650000;350;350;1500000;25
Cueva-707;652;425;Cueva;Patotas;10900040000;1044000;540700000;400;400;15000000000000;25
Cueva-708;376;103;Cueva;Leviatán;10940000;1044000;54700000;300;950;15000000000000;25
Cueva-709;793;373;Cueva;Patotas;10900040000;1044000;540700000;400;400;15000000000000;25
Cueva-710;168;702;Cueva;Simurgh;1093000000;1043000;54650000;350;350;1500000;25
Cueva-711;186;747;Cueva;Leviatán;10940000;1044000;54700000;300;950;15000000000000;25
Cueva-712;891;261;Cueva;Chupacabras;1093000000000;1040003000;5400650000;450;600;1500000;25
Cueva-713;789;668;Cueva;Chupacabras;1093000000000;1040003000;5400650000;450;600;1500000;25
Cueva-714;116;292;Cueva;Patotas;10900040000;1044000;540700000;400;400;15000000000000;25
Cueva-715;449;581;Cueva;Behemot;10000000000;50000;5000000;200;500;1500000;25
Cueva-716;78;665;Cueva;Dragón;1093000000000;1040003000;5400650000;500;850;1500000;25
Cueva-717;282;324;Cueva;Dragón;1093000000000;1040003000;5400650000;500;850;1500000;25
Cueva-718;136;90;Cueva;Behemot;10000000000;50000;5000000;200;500;1500000;25
Cueva-719;587;551;Cueva;Chupacabras;1093000000000;1040003000;5400650000;450;600;1500000;25
Cueva-720;113;888;Cueva;Dragón;1093000000000;1040003000;5400650000;500;850;1500000;25
Cueva-721;365;587;Cueva;Simurgh;1093000000;1043000;54650000;350;350;1500000;25
Cueva-722;456;607;Cueva;Patotas;10900040000;1044000;540700000;400;400;15000000000000;25
Cueva-723;331;445;Cueva;Patotas;10900040000;1044000;540700000;400;400;15000000000000;25
Cueva-724;989;302;Cueva;Behemot;10000000000;50000;5000000;200;500;1500000;25
Cueva-725;532;862;Cueva;Leviatán;10940000;1044000;54700000;300;950;15000000000000;25
Cueva-726;464;328;Cueva;Patotas;10900040000;1044000;540700000;400;400;15000000000000;25
Cueva-727;470;798;Cueva;Leviatán;10940000;1044000;54700000;300;950;15000000000000;25
Cueva-728;354;187;Cueva;Chupacabras;1093000000000;1040003000;5400650000;450;600;1500000;25
Cueva-729;220;861;Cueva;Dragón;1093000000000;1040003000;5400650000;500;850;1500000;25
Cueva-730;396;440;Cueva;Chupacabras;1093000000000;1040003000;5400650000;450;600;1500000;25
Cueva-731;98;508;Cueva;Leviatán;10940000;1044000;54700000;300;950;15000000000000;25
Cueva-732;980;82;Cueva;Patotas;10900040000;1044000;540700000;400;400;15000000000000;25
Cueva-733;646;66;Cueva;Dragón;1093000000000;1040003000;5400650000;500;850;1500000;25
Cueva-734;49;741;Cueva;Behemot;10000000000;50000;5000000;200;500;1500000;25
Cueva-735;895;114;Cueva;Patotas;10900040000;1044000;540700000;400;400;15000000000000;25
Cueva-736;318;139;Cueva;Chupacabras;1093000000000;1040003000;5400650000;450;600;1500000;25
Cueva-737;578;834;Cueva;Leviatán;10940000;1044000;54700000;300;950;15000000000000;25
Cueva-738;835;914;Cueva;Chupacabras;1093000000000;1040003000;5400650000;450;600;1500000;25
Cueva-739;51;414;Cueva;Patotas;10900040000;1044000;540700000;400;400;15000000000000;25
Cueva-740;450;914;Cueva;Simurgh;1093000000;1043000;54650000;350;350;1500000;25
Cueva-741;990;132;Cueva;Dragón;1093000000000;1040003000;5400650000;500;850;1500000;25
Cueva-742;105;242;Cueva;Dragón;1093000000000;1040003000;5400650000;500;850;1500000;25
Cueva-743;61;733;Cueva;Chupacabras;1093000000000;1040003000;5400650000;450;600;1500000;25
Cueva-744;377;435;Cueva;Chupacabras;1093000000000;1040003000;5400650000;450;600;1500000;25
Cueva-745;387;229;Cueva;Patotas;10900040000;1044000;540700000;400;400;15000000000000;25
Cueva-746;841;161;Cueva;Simurgh;1093000000;1043000;54650000;350;350;1500000;25
Cueva-747;247;344;Cueva;Chupacabras;1093000000000;1040003000;5400650000;450;600;1500000;25
Cueva-748;52;486;Cueva;Dragón;1093000000000;1040003000;5400650000;500;850;1500000;25
Cueva-749;292;733;Cueva;Behemot;10000000000;50000;5000000;200;500;1500000;25
Cueva-750;813;99;Cueva;Simurgh;1093000000;1043000;54650000;350;350;1500000;25
Cueva-751;948;809;Cueva;Simurgh;1093000000;1043000;54650000;350;350;1500000;25
Cueva-752;176;320;Cueva;Behemot;10000000000;50000;5000000;200;500;1500000;25
Cueva-753;877;120;Cueva;Leviatán;10940000;1044000;54700000;300;950;15000000000000;25
Cueva-754;560;413;Cueva;Behemot;10000000000;50000;5000000;200;500;1500000;25
Cueva-755;755;94;Cueva;Simurgh;1093000000;1043000;54650000;350;350;1500000;25
Cueva-756;140;226;Cueva;Simurgh;1093000000;1043000;54650000;350;350;1500000;25
Cueva-757;666;403;Cueva;Patotas;10900040000;1044000;540700000;400;400;15000000000000;25
Cueva-758;289;843;Cueva;Patotas;10900040000;1044000;540700000;400;400;15000000000000;25
Cueva-759;190;730;Cueva;Behemot;10000000000;50000;5000000;200;500;1500000;25
Cueva-760;433;964;Cueva;Leviatán;10940000;1044000;54700000;300;950;15000000000000;25
Cueva-761;339;444;Cueva;Dragón;1093000000000;1040003000;5400650000;500;850;1500000;25
Cueva-762;876;905;Cueva;Dragón;1093000000000;1040003000;5400650000;500;850;1500000;25
Cueva-763;175;458;Cueva;Leviatán;10940000;1044000;54700000;300;950;15000000000000;25
Cueva-764;239;851;Cueva;Dragón;1093000000000;1040003000;5400650000;500;850;1500000;25
Cueva-765;13;307;Cueva;Chupacabras;1093000000000;1040003000;5400650000;450;600;1500000;25
Cueva-766;103;838;Cueva;Behemot;10000000000;50000;5000000;200;500;1500000;25
Cueva-767;671;792;Cueva;Leviatán;10940000;1044000;54700000;300;950;15000000000000;25
Cueva-768;480;29;Cueva;Patotas;10900040000;1044000;540700000;400;400;15000000000000;25
Cueva-769;772;39;Cueva;Behemot;10000000000;50000;5000000;200;500;1500000;25
Cueva-770;918;749;Cueva;Simurgh;1093000000;1043000;54650000;350;350;1500000;25
Cueva-771;119;297;Cueva;Simurgh;1093000000;1043000;54650000;350;350;1500000;25
Cueva-772;821;807;Cueva;Leviatán;10940000;1044000;54700000;300;950;15000000000000;25
Cueva-773;4;823;Cueva;Chupacabras;1093000000000;1040003000;5400650000;450;600;1500000;25
Cueva-774;210;415;Cueva;Dragón;1093000000000;1040003000;5400650000;500;850;1500000;25
Cueva-775;488;289;Cueva;Patotas;10900040000;1044000;540700000;400;400;15000000000000;25
Cueva-776;768;990;Cueva;Patotas;10900040000;1044000;540700000;400;400;15000000000000;25
Cueva-777;735;813;Cueva;Patotas;10900040000;1044000;540700000;400;400;15000000000000;25
Cueva-778;198;41;Cueva;Patotas;10900040000;1044000;540700000;400;400;15000000000000;25
Cueva-779;139;620;Cueva;Patotas;10900040000;1044000;540700000;400;400;15000000000000;25
Cueva-780;640;395;Cueva;Leviatán;10940000;1044000;54700000;300;950;15000000000000;25
Cueva-781;228;725;Cueva;Patotas;10900040000;1044000;540700000;400;400;15000000000000;25
Cueva-782;438;544;Cueva;Leviatán;10940000;1044000;54700000;300;950;15000000000000;25
Cueva-783;895;374;Cueva;Dragón;1093000000000;1040003000;5400650000;500;850;1500000;25
Cueva-784;101;364;Cueva;Patotas;10900040000;1044000;540700000;400;400;15000000000000;25
Cueva-785;281;560;Cueva;Patotas;10900040000;1044000;540700000;400;400;15000000000000;25
Cueva-786;955;672;Cueva;Simurgh;1093000000;1043000;54650000;350;350;1500000;25
Cueva-787;619;448;Cueva;Dragón;1093000000000;1040003000;5400650000;500;850;1500000;25
Cueva-788;255;944;Cueva;Behemot;10000000000;50000;5000000;200;500;1500000;25
Cueva-789;679;359;Cueva;Dragón;1093000000000;1040003000;5400650000;500;850;1500000;25
Cueva-790;907;604;Cueva;Behemot;10000000000;50000;5000000;200;500;1500000;25
Cueva-791;175;844;Cueva;Chupacabras;1093000000000;1040003000;5400650000;450;600;1500000;25
Cueva-792;805;355;Cueva;Behemot;10000000000;50000;5000000;200;500;1500000;25
Cueva-793;18;613;Cueva;Chupacabras;1093000000000;1040003000;5400650000;450;600;1500000;25
Cueva-794;129;221;Cueva;Patotas;10900040000;1044000;540700000;400;400;15000000000000;25
Cueva-795;329;484;Cueva;Simurgh;1093000000;1043000;54650000;350;350;1500000;25
Cueva-796;391;468;Cueva;Simurgh;1093000000;1043000;54650000;350;350;1500000;25
Cueva-797;932;297;Cueva;Patotas;10900040000;1044000;540700000;400;400;15000000000000;25
Cueva-798;992;437;Cueva;Simurgh;1093000000;1043000;54650000;350;350;1500000;25
Cueva-799;831;996;Cueva;Chupacabras;1093000000000;1040003000;5400650000;450;600;1500000;25
Cueva-800;163;964;Cueva;Patotas;10900040000;1044000;540700000;400;400;15000000000000;25
Cueva-801;940;18;Cueva;Simurgh;1093000000;1043000;54650000;350;350;1500000;25
Cueva-802;845;665;Cueva;Patotas;10900040000;1044000;540700000;400;400;15000000000000;25
Cueva-803;566;176;Cueva;Leviatán;10940000;1044000;54700000;300;950;15000000000000;25
Cueva-804;602;535;Cueva;Leviatán;10940000;1044000;54700000;300;950;15000000000000;25
Cueva-805;971;908;Cueva;Patotas;10900040000;1044000;540700000;400;400;15000000000000;25
Cueva-806;70;98;Cueva;Leviatán;10940000;1044000;54700000;300;950;15000000000000;25
Cueva-807;883;130;Cueva;Patotas;10900040000;1044000;540700000;400;400;15000000000000;25
Cueva-808;41;867;Cueva;Dragón;1093000000000;1040003000;5400650000;500;850;1500000;25
Cueva-809;289;941;Cueva;Patotas;10900040000;1044000;540700000;400;400;15000000000000;25
Cueva-810;995;609;Cueva;Simurgh;1093000000;1043000;54650000;350;350;1500000;25
Cueva-811;296;837;Cueva;Patotas;10900040000;1044000;540700000;400;400;15000000000000;25
Cueva-812;44;216;Cueva;Chupacabras;1093000000000;1040003000;5400650000;450;600;1500000;25
Cueva-813;684;842;Cueva;Patotas;10900040000;1044000;540700000;400;400;15000000000000;25
Cueva-814;384;968;Cueva;Simurgh;1093000000;1043000;54650000;350;350;1500000;25
Cueva-815;513;57;Cueva;Patotas;10900040000;1044000;540700000;400;400;15000000000000;25
Cueva-816;647;524;Cueva;Leviatán;10940000;1044000;54700000;300;950;15000000000000;25
Cueva-817;811;766;Cueva;Chupacabras;1093000000000;1040003000;5400650000;450;600;1500000;25
Cueva-818;538;617;Cueva;Patotas;10900040000;1044000;540700000;400;400;15000000000000;25
Cueva-819;464;439;Cueva;Leviatán;10940000;1044000;54700000;300;950;15000000000000;25
Cueva-820;395;330;Cueva;Leviatán;10940000;1044000;54700000;300;950;15000000000000;25
Cueva-821;4;18;Cueva;Behemot;10000000000;50000;5000000;200;500;1500000;25
Cueva-822;473;240;Cueva;Chupacabras;1093000000000;1040003000;5400650000;450;600;1500000;25
Cueva-823;940;795;Cueva;Dragón;1093000000000;1040003000;5400650000;500;850;1500000;25
Cueva-824;994;595;Cueva;Behemot;10000000000;50000;5000000;200;500;1500000;25
Cueva-825;390;480;Cueva;Patotas;10900040000;1044000;540700000;400;400;15000000000000;25
Cueva-826;783;393;Cueva;Dragón;1093000000000;1040003000;5400650000;500;850;1500000;25
Cueva-827;429;81;Cueva;Chupacabras;1093000000000;1040003000;5400650000;450;600;1500000;25
Cueva-828;940;395;Cueva;Behemot;10000000000;50000;5000000;200;500;1500000;25
Cueva-829;723;537;Cueva;Patotas;10900040000;1044000;540700000;400;400;15000000000000;25
Cueva-830;954;302;Cueva;Simurgh;1093000000;1043000;54650000;350;350;1500000;25
Cueva-831;281;164;Cueva;Leviatán;10940000;1044000;54700000;300;950;15000000000000;25
Cueva-832;846;360;Cueva;Simurgh;1093000000;1043000;54650000;350;350;1500000;25
Cueva-833;687;196;Cueva;Dragón;1093000000000;1040003000;5400650000;500;850;1500000;25
Cueva-834;600;704;Cueva;Chupacabras;1093000000000;1040003000;5400650000;450;600;1500000;25
Cueva-835;884;472;Cueva;Patotas;10900040000;1044000;540700000;400;400;15000000000000;25
Cueva-836;53;315;Cueva;Patotas;10900040000;1044000;540700000;400;400;15000000000000;25
Cueva-837;329;506;Cueva;Patotas;10900040000;1044000;540700000;400;400;15000000000000;25
Cueva-838;217;930;Cueva;Dragón;1093000000000;1040003000;5400650000;500;850;1500000;25
Cueva-839;84;806;Cueva;Patotas;10900040000;1044000;540700000;400;400;15000000000000;25
Cueva-840;854;62;Cueva;Leviatán;10940000;1044000;54700000;300;950;15000000000000;25
Cueva-841;366;793;Cueva;Behemot;10000000000;50000;5000000;200;500;1500000;25
Cueva-842;971;220;Cueva;Leviatán;10940000;1044000;54700000;300;950;15000000000000;25
Cueva-843;285;957;Cueva;Simurgh;1093000000;1043000;54650000;350;350;1500000;25
Cueva-844;202;941;Cueva;Dragón;1093000000000;1040003000;5400650000;500;850;1500000;25
Cueva-845;575;638;Cueva;Dragón;1093000000000;1040003000;5400650000;500;850;1500000;25
Cueva-846;920;574;Cueva;Chupacabras;1093000000000;1040003000;5400650000;450;600;1500000;25
Cueva-847;163;312;Cueva;Behemot;10000000000;50000;5000000;200;500;1500000;25
Cueva-848;539;819;Cueva;Chupacabras;1093000000000;1040003000;5400650000;450;600;1500000;25
Cueva-849;439;234;Cueva;Patotas;10900040000;1044000;540700000;400;400;15000000000000;25
Cueva-850;418;449;Cueva;Chupacabras;1093000000000;1040003000;5400650000;450;600;1500000;25
Cueva-851;425;964;Cueva;Simurgh;1093000000;1043000;54650000;350;350;1500000;25
Cueva-852;107;398;Cueva;Patotas;10900040000;1044000;540700000;400;400;15000000000000;25
Cueva-853;520;567;Cueva;Behemot;10000000000;50000;5000000;200;500;1500000;25
Cueva-854;837;423;Cueva;Simurgh;1093000000;1043000;54650000;350;350;1500000;25
Cueva-855;173;105;Cueva;Patotas;10900040000;1044000;540700000;400;400;15000000000000;25
Cueva-856;770;95;Cueva;Simurgh;1093000000;1043000;54650000;350;350;1500000;25
Cueva-857;730;962;Cueva;Chupacabras;1093000000000;1040003000;5400650000;450;600;1500000;25
Cueva-858;951;265;Cueva;Leviatán;10940000;1044000;54700000;300;950;15000000000000;25
Cueva-859;841;393;Cueva;Dragón;1093000000000;1040003000;5400650000;500;850;1500000;25
Cueva-860;956;469;Cueva;Behemot;10000000000;50000;5000000;200;500;1500000;25
Cueva-861;942;961;Cueva;Behemot;10000000000;50000;5000000;200;500;1500000;25
Cueva-862;455;852;Cueva;Chupacabras;1093000000000;1040003000;5400650000;450;600;1500000;25
Cueva-863;401;890;Cueva;Dragón;1093000000000;1040003000;5400650000;500;850;1500000;25
Cueva-864;447;857;Cueva;Simurgh;1093000000;1043000;54650000;350;350;1500000;25
Cueva-865;577;292;Cueva;Leviatán;10940000;1044000;54700000;300;950;15000000000000;25
Cueva-866;577;719;Cueva;Behemot;10000000000;50000;5000000;200;500;1500000;25
Cueva-867;930;596;Cueva;Dragón;1093000000000;1040003000;5400650000;500;850;1500000;25
Cueva-868;210;526;Cueva;Patotas;10900040000;1044000;540700000;400;400;15000000000000;25
Cueva-869;512;986;Cueva;Chupacabras;1093000000000;1040003000;5400650000;450;600;1500000;25
Cueva-870;161;661;Cueva;Dragón;1093000000000;1040003000;5400650000;500;850;1500000;25
Cueva-871;557;472;Cueva;Behemot;10000000000;50000;5000000;200;500;1500000;25
Cueva-872;825;561;Cueva;Leviatán;10940000;1044000;54700000;300;950;15000000000000;25
Cueva-873;872;84;Cueva;Leviatán;10940000;1044000;54700000;300;950;15000000000000;25
Cueva-874;218;615;Cueva;Dragón;1093000000000;1040003000;5400650000;500;850;1500000;25
Cueva-875;466;70;Cueva;Patotas;10900040000;1044000;540700000;400;400;15000000000000;25
Cueva-876;259;671;Cueva;Chupacabras;1093000000000;1040003000;5400650000;450;600;1500000;25
Cueva-877;343;503;Cueva;Dragón;1093000000000;1040003000;5400650000;500;850;1500000;25
Cueva-878;764;923;Cueva;Leviatán;10940000;1044000;54700000;300;950;15000000000000;25
Cueva-879;495;789;Cueva;Leviatán;10940000;1044000;54700000;300;950;15000000000000;25
Cueva-880;794;457;Cueva;Dragón;1093000000000;1040003000;5400650000;500;850;1500000;25
Cueva-881;98;973;Cueva;Leviatán;10940000;1044000;54700000;300;950;15000000000000;25
Cueva-882;550;972;Cueva;Leviatán;10940000;1044000;54700000;300;950;15000000000000;25
Cueva-883;619;577;Cueva;Simurgh;1093000000;1043000;54650000;350;350;1500000;25
Cueva-884;159;849;Cueva;Dragón;1093000000000;1040003000;5400650000;500;850;1500000;25
Cueva-885;350;151;Cueva;Chupacabras;1093000000000;1040003000;5400650000;450;600;1500000;25
Cueva-886;530;347;Cueva;Chupacabras;1093000000000;1040003000;5400650000;450;600;1500000;25
Cueva-887;720;489;Cueva;Simurgh;1093000000;1043000;54650000;350;350;1500000;25
Cueva-888;338;424;Cueva;Leviatán;10940000;1044000;54700000;300;950;15000000000000;25
Cueva-889;627;536;Cueva;Leviatán;10940000;1044000;54700000;300;950;15000000000000;25
Cueva-890;595;238;Cueva;Leviatán;10940000;1044000;54700000;300;950;15000000000000;25
Cueva-891;902;237;Cueva;Behemot;10000000000;50000;5000000;200;500;1500000;25
Cueva-892;427;7;Cueva;Simurgh;1093000000;1043000;54650000;350;350;1500000;25
Cueva-893;582;128;Cueva;Chupacabras;1093000000000;1040003000;5400650000;450;600;1500000;25
Cueva-894;465;784;Cueva;Leviatán;10940000;1044000;54700000;300;950;15000000000000;25
Cueva-895;473;886;Cueva;Patotas;10900040000;1044000;540700000;400;400;15000000000000;25
Cueva-896;312;226;Cueva;Dragón;1093000000000;1040003000;5400650000;500;850;1500000;25
Cueva-897;206;124;Cueva;Dragón;1093000000000;1040003000;5400650000;500;850;1500000;25
Cueva-898;912;686;Cueva;Leviatán;10940000;1044000;54700000;300;950;15000000000000;25
Cueva-899;442;508;Cueva;Dragón;1093000000000;1040003000;5400650000;500;850;1500000;25
Cueva-900;617;271;Cueva;Simurgh;1093000000;1043000;54650000;350;350;1500000;25
Cueva-901;786;52;Cueva;Patotas;10900040000;1044000;540700000;400;400;15000000000000;25
Cueva-902;230;765;Cueva;Simurgh;1093000000;1043000;54650000;350;350;1500000;25
Cueva-903;421;961;Cueva;Behemot;10000000000;50000;5000000;200;500;1500000;25
Cueva-904;281;145;Cueva;Chupacabras;1093000000000;1040003000;5400650000;450;600;1500000;25
Cueva-905;538;234;Cueva;Dragón;1093000000000;1040003000;5400650000;500;850;1500000;25
Cueva-906;52;331;Cueva;Patotas;10900040000;1044000;540700000;400;400;15000000000000;25
Cueva-907;344;997;Cueva;Patotas;10900040000;1044000;540700000;400;400;15000000000000;25
Cueva-908;322;201;Cueva;Dragón;1093000000000;1040003000;5400650000;500;850;1500000;25
Cueva-909;339;662;Cueva;Chupacabras;1093000000000;1040003000;5400650000;450;600;1500000;25
Cueva-910;232;536;Cueva;Chupacabras;1093000000000;1040003000;5400650000;450;600;1500000;25
Cueva-911;76;935;Cueva;Leviatán;10940000;1044000;54700000;300;950;15000000000000;25
Cueva-912;212;51;Cueva;Chupacabras;1093000000000;1040003000;5400650000;450;600;1500000;25
Cueva-913;879;127;Cueva;Simurgh;1093000000;1043000;54650000;350;350;1500000;25
Cueva-914;918;46;Cueva;Simurgh;1093000000;1043000;54650000;350;350;1500000;25
Cueva-915;820;944;Cueva;Chupacabras;1093000000000;1040003000;5400650000;450;600;1500000;25
Cueva-916;725;316;Cueva;Simurgh;1093000000;1043000;54650000;350;350;1500000;25
Cueva-917;893;547;Cueva;Dragón;1093000000000;1040003000;5400650000;500;850;1500000;25
Cueva-918;288;553;Cueva;Chupacabras;1093000000000;1040003000;5400650000;450;600;1500000;25
Cueva-919;423;103;Cueva;Dragón;1093000000000;1040003000;5400650000;500;850;1500000;25
Cueva-920;532;257;Cueva;Behemot;10000000000;50000;5000000;200;500;1500000;25
Cueva-921;278;261;Cueva;Dragón;1093000000000;1040003000;5400650000;500;850;1500000;25
Cueva-922;364;691;Cueva;Patotas;10900040000;1044000;540700000;400;400;15000000000000;25
Cueva-923;108;613;Cueva;Dragón;1093000000000;1040003000;5400650000;500;850;1500000;25
Cueva-924;692;395;Cueva;Chupacabras;1093000000000;1040003000;5400650000;450;600;1500000;25
Cueva-925;381;999;Cueva;Chupacabras;1093000000000;1040003000;5400650000;450;600;1500000;25
Cueva-926;755;195;Cueva;Behemot;10000000000;50000;5000000;200;500;1500000;25
Cueva-927;267;130;Cueva;Behemot;10000000000;50000;5000000;200;500;1500000;25
Cueva-928;107;806;Cueva;Simurgh;1093000000;1043000;54650000;350;350;1500000;25
Cueva-929;258;966;Cueva;Chupacabras;1093000000000;1040003000;5400650000;450;600;1500000;25
Cueva-930;442;885;Cueva;Patotas;10900040000;1044000;540700000;400;400;15000000000000;25
Cueva-931;208;718;Cueva;Behemot;10000000000;50000;5000000;200;500;1500000;25
Cueva-932;291;69;Cueva;Dragón;1093000000000;1040003000;5400650000;500;850;1500000;25
Cueva-933;547;422;Cueva;Patotas;10900040000;1044000;540700000;400;400;15000000000000;25
Cueva-934;471;265;Cueva;Chupacabras;1093000000000;1040003000;5400650000;450;600;1500000;25
Cueva-935;942;933;Cueva;Behemot;10000000000;50000;5000000;200;500;1500000;25
Cueva-936;540;117;Cueva;Simurgh;1093000000;1043000;54650000;350;350;1500000;25
Cueva-937;494;913;Cueva;Leviatán;10940000;1044000;54700000;300;950;15000000000000;25
Cueva-938;209;283;Cueva;Behemot;10000000000;50000;5000000;200;500;1500000;25
Cueva-939;301;784;Cueva;Patotas;10900040000;1044000;540700000;400;400;15000000000000;25
Cueva-940;379;29;Cueva;Leviatán;10940000;1044000;54700000;300;950;15000000000000;25
Cueva-941;126;904;Cueva;Behemot;10000000000;50000;5000000;200;500;1500000;25
Cueva-942;258;157;Cueva;Leviatán;10940000;1044000;54700000;300;950;15000000000000;25
Cueva-943;407;536;Cueva;Patotas;10900040000;1044000;540700000;400;400;15000000000000;25
Cueva-944;807;70;Cueva;Behemot;10000000000;50000;5000000;200;500;1500000;25
Cueva-945;998;452;Cueva;Leviatán;10940000;1044000;54700000;300;950;15000000000000;25
Cueva-946;676;828;Cueva;Patotas;10900040000;1044000;540700000;400;400;15000000000000;25
Cueva-947;797;471;Cueva;Simurgh;1093000000;1043000;54650000;350;350;1500000;25
Cueva-948;280;608;Cueva;Dragón;1093000000000;1040003000;5400650000;500;850;1500000;25
Cueva-949;314;573;Cueva;Patotas;10900040000;1044000;540700000;400;400;15000000000000;25
Cueva-950;697;213;Cueva;Behemot;10000000000;50000;5000000;200;500;1500000;25
Cueva-951;828;129;Cueva;Patotas;10900040000;1044000;540700000;400;400;15000000000000;25
Cueva-952;194;904;Cueva;Simurgh;1093000000;1043000;54650000;350;350;1500000;25
Cueva-953;88;932;Cueva;Dragón;1093000000000;1040003000;5400650000;500;850;1500000;25
Cueva-954;622;555;Cueva;Leviatán;10940000;1044000;54700000;300;950;15000000000000;25
Cueva-955;914;992;Cueva;Behemot;10000000000;50000;5000000;200;500;1500000;25
Cueva-956;311;842;Cueva;Behemot;10000000000;50000;5000000;200;500;1500000;25
Cueva-957;835;848;Cueva;Chupacabras;1093000000000;1040003000;5400650000;450;600;1500000;25
Cueva-958;330;703;Cueva;Dragón;1093000000000;1040003000;5400650000;500;850;1500000;25
Cueva-959;881;159;Cueva;Behemot;10000000000;50000;5000000;200;500;1500000;25
Cueva-960;739;493;Cueva;Chupacabras;1093000000000;1040003000;5400650000;450;600;1500000;25
Cueva-961;896;687;Cueva;Leviatán;10940000;1044000;54700000;300;950;15000000000000;25
Cueva-962;584;281;Cueva;Chupacabras;1093000000000;1040003000;5400650000;450;600;1500000;25
Cueva-963;158;856;Cueva;Patotas;10900040000;1044000;540700000;400;400;15000000000000;25
Cueva-964;95;818;Cueva;Simurgh;1093000000;1043000;54650000;350;350;1500000;25
Cueva-965;887;867;Cueva;Behemot;10000000000;50000;5000000;200;500;1500000;25
Cueva-966;578;795;Cueva;Behemot;10000000000;50000;5000000;200;500;1500000;25
Cueva-967;520;296;Cueva;Simurgh;1093000000;1043000;54650000;350;350;1500000;25
Cueva-968;76;786;Cueva;Chupacabras;1093000000000;1040003000;5400650000;450;600;1500000;25
Cueva-969;830;351;Cueva;Patotas;10900040000;1044000;540700000;400;400;15000000000000;25
Cueva-970;361;946;Cueva;Patotas;10900040000;1044000;540700000;400;400;15000000000000;25
Cueva-971;192;836;Cueva;Dragón;1093000000000;1040003000;5400650000;500;850;1500000;25
Cueva-972;147;846;Cueva;Simurgh;1093000000;1043000;54650000;350;350;1500000;25
Cueva-973;299;971;Cueva;Leviatán;10940000;1044000;54700000;300;950;15000000000000;25
Cueva-974;608;247;Cueva;Leviatán;10940000;1044000;54700000;300;950;15000000000000;25
Cueva-975;421;439;Cueva;Dragón;1093000000000;1040003000;5400650000;500;850;1500000;25
Cueva-976;39;486;Cueva;Behemot;10000000000;50000;5000000;200;500;1500000;25
Cueva-977;921;487;Cueva;Behemot;10000000000;50000;5000000;200;500;1500000;25
Cueva-978;491;912;Cueva;Patotas;10900040000;1044000;540700000;400;400;15000000000000;25
Cueva-979;727;631;Cueva;Patotas;10900040000;1044000;540700000;400;400;15000000000000;25
Cueva-980;963;740;Cueva;Behemot;10000000000;50000;5000000;200;500;1500000;25
Cueva-981;672;933;Cueva;Leviatán;10940000;1044000;54700000;300;950;15000000000000;25
Cueva-982;155;69;Cueva;Leviatán;10940000;1044000;54700000;300;950;15000000000000;25
Cueva-983;543;959;Cueva;Chupacabras;1093000000000;1040003000;5400650000;450;600;1500000;25
Cueva-984;467;146;Cueva;Dragón;1093000000000;1040003000;5400650000;500;850;1500000;25
Cueva-985;66;467;Cueva;Simurgh;1093000000;1043000;54650000;350;350;1500000;25
Cueva-986;251;778;Cueva;Leviatán;10940000;1044000;54700000;300;950;15000000000000;25
Cueva-987;348;692;Cueva;Leviatán;10940000;1044000;54700000;300;950;15000000000000;25
Cueva-988;178;955;Cueva;Behemot;10000000000;50000;5000000;200;500;1500000;25
Cueva-989;126;261;Cueva;Simurgh;1093000000;1043000;54650000;350;350;1500000;25
Cueva-990;492;346;Cueva;Simurgh;1093000000;1043000;54650000;350;350;1500000;25
Cueva-991;748;272;Cueva;Patotas;10900040000;1044000;540700000;400;400;15000000000000;25
Cueva-992;298;453;Cueva;Simurgh;1093000000;1043000;54650000;350;350;1500000;25
Cueva-993;168;752;Cueva;Simurgh;1093000000;1043000;54650000;350;350;1500000;25
Cueva-994;374;192;Cueva;Patotas;10900040000;1044000;540700000;400;400;15000000000000;25
Cueva-995;294;748;Cueva;Chupacabras;1093000000000;1040003000;5400650000;450;600;1500000;25
Cueva-996;813;410;Cueva;Simurgh;1093000000;1043000;54650000;350;350;1500000;25
Cueva-997;116;342;Cueva;Simurgh;1093000000;1043000;54650000;350;350;1500000;25
Cueva-998;728;860;Cueva;Simurgh;1093000000;1043000;54650000;350;350;1500000;25
Cueva-999;897;251;Cueva;Simurgh;1093000000;1043000;54650000;350;350;1500000;25
